from,to,value
全球,金融,44
全球,新加坡,181
新加坡,金融,100
净值,新加坡,113
净值,私人,31
净值,地区,38
净值,国家,32
净值,财富,123
人士,净值,146
净值,报告,50
全球,净值,77
净值,银行,39
新加坡,私人,38
地区,新加坡,21
国家,新加坡,99
新加坡,财富,131
人士,新加坡,90
报告,新加坡,36
新加坡,银行,54
私人,财富,68
全球,私人,31
私人,银行,108
国家,地区,59
国家,财富,21
全球,国家,62
人士,财富,47
报告,财富,40
全球,财富,94
财富,银行,47
人士,全球,33
全球,报告,26
全球,银行,44
新加坡,资产,173
专业,新加坡,24
企业,新加坡,115
提供,新加坡,83
新加坡,管理,141
财富,资产,104
专业,资产,53
企业,资产,48
提供,资产,65
管理,资产,184
专业,财富,30
企业,财富,30
提供,财富,53
管理,财富,200
专业,企业,27
专业,提供,44
专业,管理,40
企业,提供,28
企业,管理,28
提供,管理,61
新加坡,环境,66
新加坡,税收,124
家族,金融,45
办公室,金融,32
家族,新加坡,256
办公室,新加坡,196
办公室,家族,405
新加坡,香港,195
中国,香港,76
中国,新加坡,186
新加坡,计划,50
全球,资产,87
计划,资产,40
投资者,新加坡,49
财富,金融,26
金融,银行,30
新加坡,资金,43
资金,香港,20
财富,香港,57
中国,财富,101
新加坡,规划,27
业务,新加坡,39
新加坡,方面,44
新加坡,重要,55
规划,财富,42
业务,财富,37
方面,财富,34
财富,重要,30
私人,管理,37
管理,银行,41
管理,金融,43
个人,财富,25
中国,人士,50
净值,拥有,29
企业,净值,22
人士,企业,26
企业,拥有,24
企业,全球,30
企业,银行,22
国际,新加坡,70
市场,新加坡,43
新加坡,机构,26
新加坡,进行,52
新加坡,美国,48
国际,香港,30
中国,国际,31
市场,香港,39
市场,机构,20
中国,市场,49
进行,香港,21
美国,香港,35
机构,进行,22
中国,机构,25
中国,进行,20
中国,美国,48
国家,拥有,20
国家,投资,44
主要,投资,45
投资,拥有,22
公司,新加坡,134
中国,公司,44
新加坡,法律,74
中国,法律,25
公司,服务,38
净值,家族,95
净值,办公室,63
净值,设立,59
人群,净值,371
净值,需求,44
新加坡,设立,132
人群,新加坡,45
新加坡,需求,25
家族,设立,156
人群,家族,49
家族,需求,42
办公室,设立,110
人群,办公室,42
办公室,需求,25
人群,设立,33
人群,需求,31
人群,财富,66
财富,需要,23
净值,海外,74
净值,国内,21
净值,成为,48
净值,发展,21
净值,方面,30
净值,管理,67
净值,重要,34
新加坡,海外,41
国内,新加坡,38
成为,新加坡,69
发展,新加坡,38
新加坡,行业,22
家族,海外,37
国家,海外,36
海外,财富,46
海外,设立,24
人群,海外,41
海外,行业,23
海外,管理,22
家族,财富,133
家族,成为,22
发展,家族,37
家族,行业,20
家族,方面,32
家族,管理,137
家族,重要,27
办公室,财富,76
成为,财富,40
发展,财富,41
设立,财富,27
行业,财富,29
办公室,发展,29
办公室,方面,22
办公室,管理,84
人群,成为,28
发展,管理,28
管理,设立,40
人群,方面,26
人群,管理,29
管理,行业,24
方面,管理,35
监管,金融,29
净值,进行,51
家族,进行,33
设立,进行,22
人群,进行,24
家族,目前,25
目前,资产,23
办公室,目前,21
家庭,家族,33
家庭,资产,70
办公室,家庭,20
家庭,财富,52
家庭,服务,41
家庭,提供,29
家庭,管理,23
家族,资产,142
家族,服务,69
家族,机构,29
家族,提供,78
办公室,资产,82
服务,资产,58
机构,资产,29
资产,进行,59
美国,资产,42
办公室,服务,46
办公室,提供,48
服务,财富,61
机构,财富,20
财富,进行,26
美国,财富,24
发展,服务,21
发展,提供,24
服务,机构,42
提供,服务,98
服务,管理,67
提供,机构,27
机构,管理,26
管理,进行,36
净值,资产,152
净值,经济,25
经济,资产,23
人群,资产,68
发展,经济,29
主要,净值,40
主要,人群,23
净值,超过,56
人群,超过,30
信托,方式,25
家族,私人,28
信托,私人,24
主要,家族,39
家族,银行,35
信托,家族,210
主要,办公室,23
信托,办公室,32
国内,银行,32
主要,财富,37
主要,信托,23
主要,进行,22
主要,管理,29
信托,财富,62
设立,银行,24
信托,设立,120
信托,银行,57
进行,银行,23
信托,进行,42
信托,管理,67
业务,家族,38
业务,办公室,25
财富,需求,55
净值,选择,62
净值,境外,24
新加坡,选择,96
境外,新加坡,34
家族,选择,43
境外,家族,24
办公室,选择,30
设立,选择,30
人群,选择,39
境外,设立,21
主要,服务,24
净值,服务,54
中国,净值,181
中国,家族,79
中国,办公室,43
中国,国内,26
中国,主要,45
人群,服务,25
中国,服务,34
中国,人群,98
家办,家族,54
办公室,家办,31
家办,香港,39
中国,家办,25
包括,家族,27
家族,香港,82
办公室,包括,21
办公室,香港,63
包括,金融,24
包括,香港,21
主要,香港,35
发展,香港,33
中国,发展,32
金融,香港,33
中国,金融,54
中国,报告,58
业务,资产,32
投资,资产,198
企业,家族,21
家族,投资,103
办公室,投资,74
业务,投资,33
业务,管理,43
企业,投资,48
投资,管理,109
主要,新加坡,61
主要,选择,25
中国,选择,34
中国,设立,44
中国,境外,24
净值,风险,22
新加坡,风险,25
影响,新加坡,35
家族,风险,36
净值,政策,21
政策,新加坡,60
新加坡,相关,38
家族,政策,30
家族,相关,26
办公室,政策,25
办公室,相关,20
新加坡,经济,68
全球,家族,58
家族,计划,35
全球,办公室,43
办公室,计划,29
全球,投资者,29
投资者,计划,25
全球,经济,34
人士,家族,27
新加坡,身份,40
家族,规划,32
家族,税收,36
办公室,税收,31
规划,身份,38
税收,管理,31
新加坡,方案,27
新加坡,资本,59
企业,公司,53
企业,金融,22
新加坡,税务,71
家族,税务,50
办公室,税务,39
相关,税务,30
税务,金融,41
相关,金融,23
中国,成为,44
选择,重要,21
净值,金融,37
增长,新加坡,25
数量,新加坡,33
新加坡,超过,34
家族,数量,30
增长,数量,29
中国,增长,35
办公室,数量,27
中国,数量,27
中国,超过,35
净值,数量,55
中国,国家,41
净值,资金,24
家族,资金,28
投资,资金,36
净值,投资,117
投资,新加坡,194
设立,资产,44
中国,资产,102
投资,设立,38
人群,投资,76
中国,投资,89
新加坡,税率,68
海外,资产,152
企业,海外,26
资产,资本,20
企业,税率,26
全球,税收,34
净值,要求,20
家族,要求,24
财富,选择,23
净值,环境,22
进行,选择,20
居民,新加坡,63
中国,居民,63
可能,新加坡,33
可能,家族,27
净值,配置,61
新加坡,配置,36
海外,配置,73
投资,海外,64
海外,进行,29
家族,配置,34
资产,配置,186
资产,风险,56
办公室,配置,23
配置,风险,20
人群,配置,25
投资,配置,57
进行,配置,28
投资,风险,44
投资,进行,47
国家,金融,33
信息,国家,30
信息,金融,90
信息,相关,26
信息,需要,26
税收,设立,25
家族,需要,31
中国,需求,20
设立,需要,21
中国,需要,23
净值,国际,31
净值,香港,38
设立,香港,31
家族,法律,36
法律,设立,30
法律,相关,22
进行,需要,21
监管,资产,29
相关,资产,22
相关,进行,25
收入,税收,25
监管,税收,24
中国,提供,27
人士,设立,24
人士,投资,40
企业,设立,24
中国,企业,31
选择,香港,30
一个,选择,22
主要,提供,21
市场,投资,39
投资,提供,54
全球,发展,25
新加坡,监管,48
公司,选择,22
家办,新加坡,92
增长,资产,30
全球,增长,20
增长,投资,43
资产,选择,42
资产,金融,48
资产,银行,42
选择,银行,22
投资,选择,28
投资,投资者,41
投资,金融,49
全球,投资,69
投资,银行,45
家办,资产,54
家办,投资,33
私人,资产,33
市场,私人,20
投资,私人,32
市场,资产,26
企业,包括,22
家办,设立,36
业务,香港,24
家办,申请,23
家办,管理,43
申请,资产,30
申请,管理,27
管理,计划,26
新加坡,要求,70
家族,市场,30
投资,要求,57
拥有,新加坡,67
资金,银行,25
管理,资金,24
基金,新加坡,74
公司,资产,67
基金,资产,54
市场,银行,22
市场,管理,28
公司,银行,40
公司,基金,48
公司,投资,54
公司,管理,51
基金,投资,72
基金,管理,50
净值,家庭,108
净值,移民,64
家庭,新加坡,37
新加坡,移民,114
家庭,移民,62
人士,移民,26
一个,新加坡,88
移民,选择,44
公司,净值,21
新加坡,没有,36
公司,财富,27
银行,需求,21
管理,需求,35
全球,管理,50
一个,财富,34
移民,财富,36
政策,财富,28
一个,移民,20
移民,经济,23
政策,移民,82
一个,提供,21
一个,重要,20
中国,环境,22
一个,中国,36
包括,新加坡,49
包括,国家,20
国家,美国,31
教育,新加坡,28
新加坡,未来,27
家庭,教育,22
教育,未来,20
家庭,选择,20
净值,教育,32
一个,净值,23
家庭,海外,40
家庭,顾问,30
海外,顾问,36
教育,海外,23
国际,教育,20
人群,移民,25
新加坡,方式,25
方式,移民,22
投资,方式,25
家庭,投资,28
居民,身份,33
居民,投资,23
移民,身份,37
投资,身份,26
投资,移民,96
投资,经济,46
家庭,规划,34
移民,规划,71
持有,新加坡,36
新加坡,申请,59
申请,移民,34
成为,移民,28
服务,私人,41
全球,服务,26
服务,银行,53
中国,地区,36
客户,配置,41
中国,配置,36
客户,投资,50
中国,客户,63
净值,未来,26
净值,增长,33
增长,财富,29
拥有,财富,31
全球,拥有,32
中国,拥有,20
主要,全球,23
全球,市场,33
投资,未来,37
可能,资产,21
资产,需求,35
配置,需求,22
投资,计划,49
中国,可能,20
市场,资本,26
发展,市场,26
人士,资产,55
资产,超过,28
新加坡,需要,50
新加坡,规定,24
专业,服务,60
主要,人士,20
净值,美国,23
全球,美国,27
人士,成为,24
全球,成为,37
增长,经济,22
投资,超过,27
投资,方面,35
投资,报告,24
增长,市场,20
家族,申请,23
影响,香港,21
新加坡,目前,48
中国,目前,20
中国,经济,51
提供,设立,22
全球,超过,23
全球,提供,28
净值,客户,91
净值,提供,37
客户,家族,42
客户,资产,87
客户,财富,64
客户,服务,80
客户,提供,60
客户,管理,40
主要,客户,25
客户,方案,49
家庭,方案,27
中国,家庭,44
管理,香港,67
中国,管理,44
人士,家办,26
客户,新加坡,31
人士,香港,26
客户,香港,36
家办,服务,20
新加坡,服务,49
资产,香港,80
公司,客户,23
公司,香港,52
服务,香港,36
目前,香港,20
投资,香港,73
未来,香港,22
中国,未来,25
资本,香港,30
中国,移民,68
人士,公司,21
国际,投资,28
公司,移民,33
移民,美国,32
投资,申请,24
投资,教育,26
一个,家族,57
一个,办公室,23
净值,家办,24
成为,香港,27
经济,香港,25
企业,经济,22
企业,香港,48
全球,香港,42
人群,报告,30
净值,方式,27
人群,方式,26
净值,市场,22
市场,服务,21
人群,教育,22
净值,机构,21
人群,全球,35
全球,机构,22
中国,全球,57
境外,投资,32
人群,家庭,21
影响,资产,21
财富,风险,25
投资,财富,64
境外,资产,45
投资,需要,32
净值,规划,35
人群,未来,22
个人,企业,26
服务,顾问,25
服务,需求,30
方面,服务,22
专业,净值,30
未来,经济,21
成为,投资,26
一个,投资,29
投资,重要,23
拥有,资产,48
信托,净值,53
人群,信托,20
信托,机构,24
家庭,数量,34
全球,包括,21
中国,海外,86
全球,海外,34
信托,海外,40
中国,教育,20
中国,信托,55
包括,提供,21
包括,投资,42
国际,提供,21
国际,金融,22
全球,配置,50
人士,配置,21
私人,香港,21
全球,重要,29
公司,家族,64
基金,家族,40
公司,办公室,35
办公室,基金,34
公司,包括,23
包括,基金,23
公司,设立,53
基金,设立,27
一个,资产,43
人士,进行,22
一个,国家,29
法律,财富,33
一个,管理,35
法律,管理,28
拥有,管理,23
家族,移民,27
一个,设立,24
全球,居民,21
全球,身份,26
业务,全球,28
专业,家办,25
申请,要求,27
专业,顾问,26
专业,要求,21
信托,新加坡,102
税务,资产,84
税务,财富,38
法律,税务,24
服务,税务,28
信托,税务,39
税务,管理,32
法律,资产,28
信托,资产,122
一个,信托,60
服务,法律,20
信托,法律,76
信托,服务,36
要求,资产,59
管理,要求,44
主要,资产,44
业务,主要,27
管理,选择,21
个人,新加坡,20
行业,资产,20
资产,需要,41
产品,资产,20
产品,客户,27
客户,市场,34
客户,机构,25
客户,进行,24
公司,进行,26
方面,资产,24
基金,申请,22
基金,要求,23
基金,计划,20
投资,相关,43
投资,资本,24
政策,资产,39
提供,税务,35
税务,香港,33
投资,税务,38
中国,税务,45
投资,规定,22
提供,香港,43
全球,环境,30
全球,政策,36
全球,要求,21
全球,进行,22
客户,政策,31
包括,资产,42
专业,投资,31
拥有,香港,22
国家,资产,40
企业,基金,21
全球,基金,22
专业,家族,29
产品,投资,45
服务,移民,51
方案,移民,89
方案,服务,27
全球,移民,46
主要,海外,28
海外,移民,104
环球,移民,86
移民,配置,67
移民,资产,102
业务,公司,23
国家,经济,30
提供,政策,22
全球,国际,42
专业,税务,25
全球,税务,51
净值,税务,46
成为,税务,22
国家,税务,24
移民,税务,33
企业,税务,27
国家,移民,54
全球,税率,20
公司,税务,25
政策,税务,31
企业,选择,20
提供,移民,47
公司,提供,39
新加坡,离岸,82
新加坡,金融机构,40
包括,银行,21
公司,离岸,47
全球,公司,24
全球,离岸,44
离岸,银行,87
投资,离岸,28
税收,税率,53
企业,税收,40
提供,海外,26
移民,需求,21
移民,行业,57
政策,海外,37
财富,配置,41
政策,配置,20
资产,身份,37
规划,资产,79
身份,配置,21
规划,配置,39
全球,规划,26
投资,规划,24
发展,投资,22
方案,资产,43
投资,方案,21
家族,持有,24
持有,设立,20
公司,持有,26
公司,拥有,21
投资,机构,29
拥有,移民,32
成为,资产,31
教育,资产,21
全球,资本,21
国家,教育,20
教育,移民,40
个人,净值,35
个人,资产,31
个人,中国,23
海外,金融,34
税务,规划,45
税务,配置,35
机构,税务,24
服务,规划,30
提供,规划,32
管理,配置,24
持有,资产,27
投资,服务,45
税收,计划,27
产品,金融,20
信托,持有,35
信托,公司,68
信托,基金,22
信托,投资,65
税率,香港,31
居民,资产,26
政策,方案,37
移民,香港,20
居民,管理,20
居民,香港,25
个人,信息,27
信息,提供,22
新加坡,账户,51
海外,账户,39
客户,账户,25
客户,海外,62
海外,美国,31
客户,美国,20
提供,私人,26
机构,私人,36
专业,公司,20
专业,机构,22
提供,银行,47
机构,银行,45
信托,提供,37
投资,需求,22
账户,资金,37
公司,账户,20
账户,银行,85
账户,进行,35
离岸,资产,55
家族,离岸,29
监管,离岸,23
专业,配置,22
家庭,配置,22
服务,离岸,30
信托,风险,34
离岸,财富,60
信托,离岸,76
离岸,管理,39
净值,离岸,47
离岸,需求,23
专业,家庭,21
信托,家庭,34
提供,需要,23
信息,包括,23
拥有,海外,25
海外,香港,38
中国,银行,47
市场,财富,26
客户,需求,43
客户,金融,27
中国,私人,30
未来,财富,27
产品,信托,28
信托,客户,55
信托,相关,33
信托,金融,23
个人,居民,29
个人,银行,22
个人,信托,25
离岸,金融,33
地区,金融,26
市场,离岸,26
地区,离岸,22
客户,离岸,47
客户,选择,22
离岸,选择,28
客户,移民,84
离岸,香港,50
法律,香港,22
增长,未来,20
国际,财富,27
公司,税收,35
税收,香港,57
信息,新加坡,60
一个,客户,23
客户,私人,47
业务,私人,34
客户,银行,72
业务,银行,40
银行,香港,37
法律,规定,22
金融,金融机构,37
包括,管理,22
投资,税收,35
包括,税务,21
税务,身份,30
税务,税收,44
基金,税收,26
海外,规划,49
服务,海外,26
业务,服务,28
业务,提供,24
信息,要求,22
税收,资产,41
收入,新加坡,40
管理,需要,30
信息,全球,34
居民,税务,54
离岸,私人,46
业务,离岸,35
个人,公司,24
发展,国际,20
机构,离岸,27
专业,海外,41
专业,规划,38
专业,移民,69
公司,海外,34
收入,税务,31
移民,顾问,77
政策,顾问,33
国际,税务,24
监管,税务,24
净值,账户,38
税务,账户,59
账户,资产,35
账户,金融,113
信息,账户,131
交换,账户,86
海外,税务,43
人群,税务,20
信息,税务,69
税务,进行,38
交换,税务,48
信息,海外,24
收入,海外,20
信息,资产,26
收入,资产,20
进行,金融,21
交换,金融,65
信息,进行,34
交换,信息,140
交换,进行,22
海外,税收,23
国家,税收,21
国际,税收,24
税收,要求,23
个人,账户,40
要求,账户,25
税收,账户,52
个人,税收,22
税务,风险,23
税收,金融,40
离岸,账户,67
地区,账户,33
国家,账户,34
交换,新加坡,34
海外,离岸,25
信息,地区,35
交换,地区,28
交换,国家,26
主要,离岸,23
居民,账户,60
信托,账户,36
投资,账户,21
居民,海外,30
居民,税收,85
海外,身份,27
信托,税收,32
税收,进行,23
全球,客户,30
信托,境外,32
离岸,税务,22
信托,规划,22
中国,收入,23
中国,信息,64
中国,交换,39
包括,账户,28
全球,账户,35
包括,税收,24
离岸,设立,42
离岸,税收,28
管理,账户,25
法律,离岸,23
信息,管理,21
信托,资金,29
账户,需要,31
信托,需要,31
机构,账户,22
国际,管理,21
账户,金融机构,65
居民,金融,37
居民,金融机构,33
税收,金融机构,24
要求,金融机构,23
信息,居民,60
交换,居民,36
信息,税收,55
交换,税收,37
交换,全球,23
金融机构,需要,20
信息,金融机构,62
交换,金融机构,25
持有,账户,24
税务,需要,32
相关,账户,22
中国,账户,60
国内,账户,21
税务,金融机构,20
公司,居民,22
信息,银行,22
信托,包括,40
专业,客户,35
专业,方案,38
账户,香港,25
企业,进行,21
企业,账户,22
政策,行业,26
客户,规划,36
产品,银行,20
企业,服务,24
客户,家庭,27
国内,离岸,27
企业,离岸,26
设立,财产,23
信托,财产,100
管理,财产,22
离岸,进行,23
中国,离岸,29
机构,金融机构,21
业务,信托,24
客户,顾问,36
投资,顾问,22
资产,顾问,32
家族,财产,30
方案,配置,26
提供,方案,29
中国,税收,38
信托,可能,29
信托,没有,37
信托,要求,21
信托,规定,45
居民,收入,23
公司,境外,24
委托人,资产,31
信托,委托人,115
企业,居民,23
受托人,委托人,32
受托人,财产,21
受托人,受益人,29
委托人,财产,36
受益人,委托人,41
信托,受益人,95
信托,受托人,77
受益人,资产,20
政策,规划,20
方案,规划,37
信托,影响,21
委托人,设立,24
受益人,家族,27
委托人,家族,23
法律,财产,20
家庭,行业,21
海外,环球,37
国家,环球,22
个人简介,移民,126
个人简介,政策,50
个人简介,国家,23
个人简介,家庭,36
个人简介,方案,52
个人简介,海外,60
方案,海外,42
个人简介,资产,48
个人简介,规划,42
个人简介,客户,42
个人简介,行业,48
个人简介,配置,33
家庭,环球,21
环球,顾问,74
服务,环球,23
政策,环球,31
个人简介,环球,92
专业,环球,26
环球,行业,31
方案,环球,33
个人简介,顾问,82
行业,顾问,29
方案,顾问,32
个人简介,服务,28
专业,个人简介,43
个人简介,提供,23
个人简介,拥有,23
环球,资产,35
环球,配置,21
配置,顾问,20
个人简介,全球,20
环球,规划,27
客户,环球,31
规划,顾问,24
