keyword,title,url,search_timestamp
中国高净值人士 新加坡,新加坡金融机制稳定吸引最多高净值人士考虑移居,https://www.zaobao.com/finance/singapore/story20250307-5958627,2025-07-06 23:29:30
中国高净值人士 新加坡,2024年全球財富遷移報告：新加坡成富豪新寵中國高淨值 ...,https://hk.finance.yahoo.com/news/2024%E5%B9%B4%E5%85%A8%E7%90%83%E8%B2%A1%E5%AF%8C%E9%81%B7%E7%A7%BB%E5%A0%B1%E5%91%8A-%E6%96%B0%E5%8A%A0%E5%9D%A1%E6%88%90%E5%AF%8C%E8%B1%AA%E6%96%B0%E5%AF%B5-%E4%B8%AD%E5%9C%8B%E9%AB%98%E6%B7%A8%E5%80%BC%E4%BA%BA%E5%A3%AB%E5%A4%96%E6%B5%81%E5%B1%85%E5%86%A0-072004570.html,2025-07-06 23:29:30
中国高净值人士 新加坡,高净值客户为何到新加坡设立家族办公室？1,http://www.nifd.cn/Uploads/Paper/443420c9-0d78-4502-90c8-b7adbf9b4146.pdf,2025-07-06 23:29:30
中国高净值人士 新加坡,我国超高净值人群设立家族办公室现状分析与应对,http://cel.cn/List/FullText?articleId=d37c148c-3e7b-448a-a49b-bc71faa14f18,2025-07-06 23:29:30
中国高净值人士 新加坡,中国高净值人士在新加坡设立家族办公室和投资初创企业的 ...,https://fargowealth.com/en/home/cfsj/cfsj_detail/id/78.html,2025-07-06 23:29:30
中国高净值人士 新加坡,高净值人士为何纷纷选择新加坡？_移民_教育_工作,https://www.sohu.com/a/843292362_121963266,2025-07-06 23:29:30
中国高净值人士 新加坡,聚焦家办| 亚洲超高净值人群增长或将推动家族办公室的发展,https://www.bloombergchina.com/blog/asias-ultra-high-net-worth-boom-could-fuel-family-office-scene/,2025-07-06 23:29:30
中国高净值人士 新加坡,莱坊：亚洲身家千万富翁增至85万4465人中国最多,https://www.zaobao.com/finance/singapore/story20250305-5970835,2025-07-06 23:29:30
中国高净值人士 新加坡,2025年全球财富中心报告：新加坡是高净值人士考虑移居的 ...,https://zhuanlan.zhihu.com/p/29644570972,2025-07-06 23:29:30
中国高净值人士 新加坡,早报:500中国富豪料年内携24亿美元移居新加坡,https://www.rfi.fr/cn/%E5%9B%BD%E9%99%85/20220803-%E6%97%A9%E6%8A%A5-500%E4%B8%AD%E5%9B%BD%E5%AF%8C%E8%B1%AA%E6%96%99%E5%B9%B4%E5%86%85%E6%90%BA24%E4%BA%BF%E7%BE%8E%E5%85%83%E7%A7%BB%E5%B1%85%E6%96%B0%E5%8A%A0%E5%9D%A1,2025-07-06 23:29:30
中国高净值人士 新加坡,中国富豪新加坡设家办洗钱风波冲击有限,https://www.voachinese.com/a/is-singapore-losing-china-s-rich-to-hong-kong-in-family-office-rush-06262024/7674978.html,2025-07-06 23:29:34
中国高净值人士 新加坡,高净值人士为何青睐新加坡这片“热土”？_移民_工作_家庭,https://www.sohu.com/a/858584968_121963266,2025-07-06 23:29:34
中国高净值人士 新加坡,2025胡润至尚优品—中国高净值人群品质生活报告,https://www.hurun.net/zh-cn/info/detail?num=SHUPUNT1XPQL,2025-07-06 23:29:34
中国高净值人士 新加坡,逾500中国高净值人士料带24亿美元迁移新加坡,https://www.pickastock.info/news?id=185128,2025-07-06 23:29:34
中国高净值人士 新加坡,新加坡失寵？報導稱中國富豪紛紛回流香港 - 鉅亨網,https://news.cnyes.com/news/id/5849370,2025-07-06 23:29:34
中国高净值人士 新加坡,新加坡保险：中国高净值人士海外资产配置优选,https://zhuanlan.zhihu.com/p/696211979,2025-07-06 23:29:34
中国高净值人士 新加坡,新加坡家办观察：左手鼓励右手监管- 21世纪经济报道,https://m.21jingji.com/article/20240110/75c9ca5e45e178026af375dabde71614_zaker.html,2025-07-06 23:29:34
中国高净值人士 新加坡,瑞银调查：新加坡逾八成高净值人士对未来展望乐观,https://www.ccpit.org/singapore/a/20221104/20221104undv.html,2025-07-06 23:29:34
中国高净值人士 新加坡,[启金智库] 香港or新加坡？中国高净值人士家办该如何抉择,https://www.tax100.com/thread-869780-1-1.html?fromuid=0,2025-07-06 23:29:34
中国高净值人士 新加坡,胡润：新加坡成中国高净值人士走向国际第一目的地,https://www.cnstrongimm.cn/?mod=newscon&id=1731,2025-07-06 23:29:34
中国富人 资产配置 新加坡,猜不到吧！掌握内地富豪最多秘密的人，居然藏在新加坡,https://cj.sina.cn/articles/view/6225260174/1730dee8e001017ypi,2025-07-06 23:29:38
中国富人 资产配置 新加坡,中国富豪缘何扎堆涌向新加坡？,https://zhuanlan.zhihu.com/p/698567820,2025-07-06 23:29:38
中国富人 资产配置 新加坡,中国富豪群体之争，中国香港与新加坡的“老钱”与“新钱”,https://www.163.com/dy/article/K1FPM60F0552YKV6.html,2025-07-06 23:29:38
中国富人 资产配置 新加坡,中国富人地图 - 人民日报,http://paper.people.com.cn/rmwz/html/2013-02/01/content_1204920.htm?div=-1,2025-07-06 23:29:38
中国富人 资产配置 新加坡,新加坡加强外资审查中国富豪重返香港,https://www.fortunetimes.sg/cn/?p=44839,2025-07-06 23:29:38
中国富人 资产配置 新加坡,掌握趋势：新加坡为何成为中国富豪资产配置的新焦点？,https://podcasts.apple.com/au/podcast/%E6%8E%8C%E6%8F%A1%E8%B6%8B%E5%8A%BF-%E6%96%B0%E5%8A%A0%E5%9D%A1%E4%B8%BA%E4%BD%95%E6%88%90%E4%B8%BA%E4%B8%AD%E5%9B%BD%E5%AF%8C%E8%B1%AA%E8%B5%84%E4%BA%A7%E9%85%8D%E7%BD%AE%E7%9A%84%E6%96%B0%E7%84%A6%E7%82%B9/id1731835155?i=1000650748131,2025-07-06 23:29:38
中国富人 资产配置 新加坡,专访淡马锡吴亦兵：持续投资中国市场，投资组合表现仍富有 ...,https://m.21jingji.com/article/20240720/07b3b5d2cda118c645b624717039f0d6.html,2025-07-06 23:29:43
中国富人 资产配置 新加坡,落子新加坡基金子公司“走出去”添新路线,https://paper.cnstock.com/html/2025-07/06/content_2090066.htm,2025-07-06 23:29:43
中国富人 资产配置 新加坡,家族办公室设在香港还是新加坡,https://deepview.caixin.com/event/EVENT.000000395.html,2025-07-06 23:29:43
中国富人 资产配置 新加坡,新加坡加強審查讓中國富豪轉向香港：洗錢風波後的亞洲財富 ...,https://sunrisemedium.com/p/674/singapore-039-s-lure-for-rich-chinese-breeds-family-office-tensions,2025-07-06 23:29:43
中国富人 资产配置 新加坡,新加坡变身家族办公室“热土” 香港多管齐下,https://m.icbc.com.cn/icbc/%E5%B0%8Fe%E8%B5%84%E8%AE%AF/%E5%B0%8Fe%E8%A1%8C%E5%AE%B6/%E8%A7%86%E7%82%B9%E6%8E%A8%E8%8D%90/%E6%96%B0%E5%8A%A0%E5%9D%A1%E5%8F%98%E8%BA%AB%E5%AE%B6%E6%97%8F%E5%8A%9E%E5%85%AC%E5%AE%A4%E7%83%AD%E5%9C%9F%E9%A6%99%E6%B8%AF%E5%A4%9A%E7%AE%A1%E9%BD%90%E4%B8%8B%E5%B7%A9%E5%9B%BA%E4%BA%9A%E5%A4%AA%E5%AE%B6%E6%97%8F%E5%8A%9E%E5%85%AC%E5%AE%A4%E6%9E%A2%E7%BA%BD%E5%9C%B0%E4%BD%8D.htm,2025-07-06 23:29:43
中国富人 资产配置 新加坡,移居到新加坡的中国富豪在奢侈品上挥金如土，却没有在当地 ...,https://caus.com/all-articles/news/106149/,2025-07-06 23:29:43
中国富人 资产配置 新加坡,新加坡嚴審外資防洗錢促中國富豪回流香港 - 公視新聞網,https://news.pts.org.tw/article/706786,2025-07-06 23:29:43
中国富人 资产配置 新加坡,东盟观察丨新加坡家办观察①：左手鼓励，右手监管,https://m.21jingji.com/article/20240109/herald/b01616942077d885d4fb12a3835574c1_zaker.html,2025-07-06 23:29:43
中国富人 资产配置 新加坡,出走新加坡．一｜家族辦公室林立十大富豪竟有四位是中國移民,https://www.hk01.com/%E4%B8%AD%E5%9C%8B%E8%A7%80%E5%AF%9F/784487/%E5%87%BA%E8%B5%B0%E6%96%B0%E5%8A%A0%E5%9D%A1-%E4%B8%80-%E5%AE%B6%E6%97%8F%E8%BE%A6%E5%85%AC%E5%AE%A4%E6%9E%97%E7%AB%8B-%E5%8D%81%E5%A4%A7%E5%AF%8C%E8%B1%AA%E7%AB%9F%E6%9C%89%E5%9B%9B%E4%BD%8D%E6%98%AF%E4%B8%AD%E5%9C%8B%E7%A7%BB%E6%B0%91,2025-07-06 23:29:43
中国富豪 为什么移民新加坡,中国顶级富豪都爱移民新加坡？背后的原因找到了,https://news.qq.com/rain/a/20240520A02I6C00,2025-07-06 23:29:50
中国富豪 为什么移民新加坡,中国富豪，为什么那么喜欢新加坡？,https://m.36kr.com/p/2706171155150979,2025-07-06 23:29:50
中国富豪 为什么移民新加坡,为什么中国富豪都移民新加坡？,https://zhuanlan.zhihu.com/p/686616716,2025-07-06 23:29:50
中国富豪 为什么移民新加坡,为什么新加坡不断吸引着新移民？,https://www.anjiasg.com/blog/why-are-rich-chinese-rushing-to-immigrate-to-singapore/,2025-07-06 23:29:50
中国富豪 为什么移民新加坡,中国富豪，为什么那么喜欢新加坡？,https://cj.sina.cn/articles/view/6724296984/190cca118019016dhn?vt=4&from=finance,2025-07-06 23:29:50
中国富豪 为什么移民新加坡,为什么中国游艇人涌向新加坡,https://www.jyacht.com/life/hqsc/j04202451801.shtml,2025-07-06 23:29:50
中国富豪 为什么移民新加坡,法新看中国很富的人更多移民新加坡保家卫财,https://www.rfi.fr/cn/%E4%B8%AD%E5%9B%BD/20230204-%E6%B3%95%E6%96%B0%E7%9C%8B%E4%B8%AD%E5%9B%BD%E5%BE%88%E5%AF%8C%E7%9A%84%E4%BA%BA%E6%9B%B4%E5%A4%9A%E7%A7%BB%E6%B0%91%E6%96%B0%E5%8A%A0%E5%9D%A1%E4%BF%9D%E5%AE%B6%E5%8D%AB%E8%B4%A2,2025-07-06 23:29:50
中国高净值客户 离岸账户,高净值人群海外存款涉税合规指引- 专业文章- 上海,https://www.allbrightlaw.com/CN/10475/62c798be04b4cf08.aspx,2025-07-06 23:29:55
中国高净值客户 离岸账户,高净值人群海外存款涉税合规指引,https://www.shui5.cn/article/25/1950.html,2025-07-06 23:29:55
中国高净值客户 离岸账户,财富管理- 毕马威中国,https://kpmg.com/cn/zh/home/insights/2023/06/hong-kong-banking-report-2023/wealth-management.html,2025-07-06 23:29:55
中国高净值客户 离岸账户,高净值人士开设离岸账户应该选择哪些国家,http://m.hkfff.com/2019/aq_0808/1536.html,2025-07-06 23:29:55
中国高净值客户 离岸账户,私人银行的“离岸”征途,http://www.chinaforex.com.cn/index.php/cms/item-view-id-36175.shtml,2025-07-06 23:29:55
中国高净值客户 离岸账户,高净值人士如何选择离岸银行账户？五大热门国家深度解析,https://www.hkfeng.com/lianzhishi/hkzhanghuxg/5232.html,2025-07-06 23:29:55
中国高净值客户 离岸账户,中国版CRS落地：富豪海外财富征税大幕拉开,https://www.sfccn.com/2018/9-6/yMMDE0MDVfMTQ0NzkyMg.html,2025-07-06 23:29:55
中国高净值客户 离岸账户,中国富豪海外藏富难,https://www.zaobao.com/finance/china/story20171014-802874,2025-07-06 23:29:55
中国高净值客户 离岸账户,离岸账户| 高净值人士进行投资规划如何选择离岸银行账户 ...,https://cn.linkedin.com/pulse/%E7%A6%BB%E5%B2%B8%E8%B4%A6%E6%88%B7-%E9%AB%98%E5%87%80%E5%80%BC%E4%BA%BA%E5%A3%AB%E8%BF%9B%E8%A1%8C%E6%8A%95%E8%B5%84%E8%A7%84%E5%88%92%E5%A6%82%E4%BD%95%E9%80%89%E6%8B%A9%E7%A6%BB%E5%B2%B8%E9%93%B6%E8%A1%8C%E8%B4%A6%E6%88%B7%E5%9B%BD%E5%AE%B6-kevy-wong,2025-07-06 23:29:55
中国高净值客户 离岸账户,高净值人群的福音：离岸账户+国内银行，财富增值新玩法！,https://www.kongkangroup.com/403875.html,2025-07-06 23:29:55
中国高净值客户 离岸账户,离岸信托vs CRS：高净值家庭的“资产隐身术”与“税单拆弹指南”,https://www.cil.bz/offshore-trust-vs-crs/,2025-07-06 23:29:59
中国高净值客户 离岸账户,从国际反洗钱视角审视私人财富保护策略,https://www.zhonglun.com/research/articles/15990.html,2025-07-06 23:29:59
中国高净值客户 离岸账户,CRS来袭，高净值人群如何面对资产“裸奔”时代,http://www.chinaforex.com.cn/index.php/cms/item-view-id-42480.shtml,2025-07-06 23:29:59
中国高净值客户 离岸账户,中国私人银行与财富管理行业报告,https://pic.bankofchina.com/bocappd/report/201107/p020110720528015715930.pdf,2025-07-06 23:29:59
中国高净值客户 离岸账户,CRS，高净值的你，准备好了吗,http://www.shui5.cn/article/47/137011.html,2025-07-06 23:29:59
中国高净值客户 离岸账户,解读高净值人群新气象，《2021中国私人财富报告》正式发布！,https://www.cmbchina.com/privatebank/PrivatebankInfo.aspx?guid=59fd4373-749b-4dc8-b6c3-f7a6070c6b83,2025-07-06 23:29:59
中国高净值客户 离岸账户,为什么要做海外资产配置跨境理财？,https://m.haiwaimoney.com/h-nd-2236.html,2025-07-06 23:29:59
中国高净值客户 离岸账户,中国启动个人高净值金融账户涉税调查移民账户需申报 - 天天基金,"https://fund.eastmoney.com/a/1590,20161029678372536.html",2025-07-06 23:29:59
中国高净值客户 离岸账户,离岸信托并非万能神器_中国银行保险报网,http://xw.cbimc.cn/2021-04/07/content_389035.htm,2025-07-06 23:29:59
中国高净值客户 离岸账户,立足国际金融中心香港成海外资产配置桥头堡,https://www.stcn.com/article/detail/617891.html,2025-07-06 23:29:59
新加坡 CRS 避税,中国国籍的高净值人群获得新加坡永久居民，如何避免成为 ...,https://www.shui5.cn/article/e4/6047.html,2025-07-06 23:30:03
新加坡 CRS 避税,新加坡或可完美规避CRS？不存在的！仅余两月,https://www.sohu.com/a/235806409_707638,2025-07-06 23:30:03
新加坡 CRS 避税,新加坡银行CRS申报要求【深度解析】：企业合规全攻略！,https://www.ingstart.com/blog/16514.html,2025-07-06 23:30:03
新加坡 CRS 避税,避税天堂也加入CRS?新加坡还适合移民吗？ - 海外财富网,https://m.haiwaimoney.com/h-nd-2339.html,2025-07-06 23:30:03
新加坡 CRS 避税,中国跨境卖家为何纷纷转向新加坡税务身份？实现避税与 ...,https://www.ingstart.com/blog/21716.html,2025-07-06 23:30:03
新加坡 CRS 避税,CRS信息交换与个人海外资产的税务合规之路,https://www.hankunlaw.com/portal/article/index/cid/8/id/15366.html,2025-07-06 23:30:03
新加坡 CRS 避税,CRS影响下，新加坡为什么越来越受海内外人士追捧？,https://zhuanlan.zhihu.com/p/89424823,2025-07-06 23:30:03
新加坡 CRS 避税,范围不止金融账户新加坡将与中国交换涉税信息,http://finance.sina.cn/2018-05-05/detail-ifzyqqir0847743.d.html?from=wap,2025-07-06 23:30:03
新加坡 CRS 避税,离岸投资架构选择香港新加坡的税收与反避税考量_北京转创国际管理 ...,http://www.transverture.com/view.php?id=7494,2025-07-06 23:30:03
新加坡 CRS 避税,此地无银三百两?评新加坡不可撤销信托的CRS规避功能,https://shuo.news.esnai.com/article/201802/169709.shtml,2025-07-06 23:30:03
新加坡 CRS 避税,在新加坡设立（离岸）公司的好处（连载一）,https://zhuanlan.zhihu.com/p/627461401,2025-07-06 23:30:10
新加坡 CRS 避税,中国居民赴新加坡投资税收指南,https://www.yidaiyilu.gov.cn/wcm.files/upload/CMSydylgw/202002/202002040349028.pdf,2025-07-06 23:30:10
新加坡 CRS 避税,重磅！中国及新加坡正式加入CRS，富人避税再无可能！_存款账户,https://www.sohu.com/a/251372222_100222841,2025-07-06 23:30:10
新加坡 CRS 避税,讓富人恐慌的全球追稅令CRS,https://topics.cnyes.com/CRS/,2025-07-06 23:30:10
新加坡 CRS 避税,海外资产避税天堂真的安全吗？香港、新加坡、美国CRS真相,https://www.kongkangroup.com/402674.html,2025-07-06 23:30:10
新加坡 CRS 避税,CRS全球征税，合理避税你需要知道这15个具体细节！,https://cifinvest.com/news/crs/crs611.html,2025-07-06 23:30:10
新加坡 CRS 避税,新加坡CRS政策：全球税务合规的重要举措 - 港通智信,https://www.gtzxsg.com/a/5016.html,2025-07-06 23:30:10
新加坡 CRS 避税,CRS来袭知名避税天堂沦陷富人海外账户即将“裸奔”？ - 中国财经,http://finance.china.com.cn/money/cfsh/20180912/4758261.shtml,2025-07-06 23:30:10
新加坡 CRS 避税,新加坡移民还可以规避crs吗？新加坡如何开户？,https://www.yingjinhk.com/news/2018/1463.html,2025-07-06 23:30:10
中国 家族信托 新加坡,境外信托法律介绍之新加坡家族信托法篇,https://www.dehenglaw.com/CN/tansuocontent/0008/029761/7.aspx?MID=0902&AID=,2025-07-06 23:30:16
中国 家族信托 新加坡,新加坡家族办公室设立的合规实践研究,https://www.allbrightlaw.com/SH/CN/10475/e3c58a8e4200e23a.aspx,2025-07-06 23:30:16
中国 家族信托 新加坡,Z女士海外家族信托被“击穿”的法律启示,https://www.kwm.com/cn/zh/insights/latest-thinking/overseas-family-trust-breakdown-of-ms-z.html,2025-07-06 23:30:16
中国 家族信托 新加坡,张兰离岸家庭信托“失灵”之深度法律解析——新加坡法院判决 ...,https://www.landinglawyer.com/en/research/977.html,2025-07-06 23:30:16
中国 家族信托 新加坡,为什么华人客户更加青睐新加坡设立家族信托？,https://www.cil.bz/why-sg/,2025-07-06 23:30:16
中国 家族信托 新加坡,从争议解决视角看中国的家族信托,https://www.grandall.com.cn/ghsd/info.aspx?itemid=30302,2025-07-06 23:30:16
中国 家族信托 新加坡,谢小松：不存在的“信托击穿”：简评新加坡高等法院家族信托案,https://www.deheheng.com/yjy/lssd/28020.html,2025-07-06 23:30:16
中国 家族信托 新加坡,家族办公室侵吞资产事件背后：家族信托价值与优势​,https://m.gxfin.com/article/finance/trust/default/2025-03-21/6224395.html,2025-07-06 23:30:16
中国 家族信托 新加坡,家族信托、财富传承和继任计划| 定制财富规划|新加坡银行,https://www.bankofsingapore.com/zh-cn/solutions/secure-your-legacy.html,2025-07-06 23:30:16
中国 家族信托 新加坡,正在崛起的东方苏黎世：带你了解新加坡家族信托的优势与机会,https://finance.sina.cn/fund/sm/2021-06-03/detail-ikqcfnaz8883163.d.html,2025-07-06 23:30:19
中国 家族信托 新加坡,新加坡“家族办公室”项目新规简评- 13O、13U规范更新及 ...,https://guangzhou.dachenglaw.com/show-181-50-1.html,2025-07-06 23:30:19
中国 家族信托 新加坡,境外信托持有新加坡家办的解读-最新家办政策(附架构图),https://wealthplus.org.cn/202204139273.html,2025-07-06 23:30:19
中国 家族信托 新加坡,浅谈家族信托——“居安思危，思则有备，有备无患”,https://www.kwm.com/cn/zh/insights/latest-thinking/a-brief-introduction-to-family-trust.html,2025-07-06 23:30:19
中国 家族信托 新加坡,家族办公室选址必读：新加坡、香港还是马来西亚？,https://www.china-briefing.com/news/family-office-singapore-hong-kong-malaysia-cn/,2025-07-06 23:30:19
中国 家族信托 新加坡,深度｜家办之争，中国香港、新加坡谁更胜一筹,https://www.21jingji.com/article/20231103/herald/c449569d6ff392a4bd20c44584878722.html,2025-07-06 23:30:19
中国 家族信托 新加坡,海底捞张勇的离岸信托模式,https://finance.sina.com.cn/roll/2024-08-19/doc-inckexsa9376853.shtml,2025-07-06 23:30:19
中国 家族信托 新加坡,新加坡家族办公室新规深度解析,https://www.fututrustee.com/sc/insight/article/207,2025-07-06 23:30:19
中国 家族信托 新加坡,解析：各类家族信托架构逻辑！_中国,https://www.sohu.com/a/479487646_270543,2025-07-06 23:30:19
中国 家族信托 新加坡,Z女士海外家族信托被“击穿”的法律启示,https://www.chinalawinsight.com/2023/04/articles/uncategorized/z%E5%A5%B3%E5%A3%AB%E6%B5%B7%E5%A4%96%E5%AE%B6%E6%97%8F%E4%BF%A1%E6%89%98%E8%A2%AB%E5%87%BB%E7%A9%BF%E7%9A%84%E6%B3%95%E5%BE%8B%E5%90%AF%E7%A4%BA/,2025-07-06 23:30:19
中国高净值人士 子女教育 新加坡,胡润研究院发布《2024中国高净值人群家族教育报告》 ...,https://wap.eastmoney.com/a/202411293254261356.html,2025-07-06 23:30:24
中国高净值人士 子女教育 新加坡,中信保诚人寿「传家」,https://res.hurun.net/file/20250117/20250117093658313.pdf,2025-07-06 23:30:24
中国高净值人士 子女教育 新加坡,报告：超九成高净值家庭留学者拟回国发展,https://www.zaobao.com.sg/realtime/china/story20220322-1254797,2025-07-06 23:30:24
中国高净值人士 子女教育 新加坡,胡润研究院发布报告：黄金是高净值人群未来一年首选投资品类,http://www.zqrb.cn/money/gold/2025-03-23/A1742612797957.html,2025-07-06 23:30:24
中国高净值人士 子女教育 新加坡,中国私人财富管理白皮书,https://pic.bankofchina.com/bocappd/report/201111/P020111104360888560054.pdf,2025-07-06 23:30:24
中国高净值人士 子女教育 新加坡,我国内地高净值人群海外移民财富流失测算及经济分析,http://www.ims.sdu.edu.cn/__local/F/35/DD/8ACE90CD79F411CB73A10A7F0C3_FC1C6F2A_18BB00.pdf,2025-07-06 23:30:27
中国高净值人士 子女教育 新加坡,张丽平、邵弋：全球财富管理中心呈现新变化以及对我国的启示,https://www.drc.gov.cn/DocView.aspx?chnid=379&leafid=1338&docid=2906875,2025-07-06 23:30:27
中国高净值人士 子女教育 新加坡,美世教育联合太平人寿发布《2025中国高净值人群子女国际 ...,https://m.meishiedu.com/gjnews?id=2498&countryId=undefined,2025-07-06 23:30:27
中国高净值人士 子女教育 新加坡,中国高净值人群画像：近8成家庭选择海外教育！ - 力驰移民,https://www.letsvisa.com/news-show-id-680.html,2025-07-06 23:30:27
中国高净值人士 子女教育 新加坡,健康、旅游和教育是高净值人群心灵投资三大领域,https://www.cib.com.cn/cn/aboutCIB/about/news/2014/20140527.html,2025-07-06 23:30:27
中国高净值人士 子女教育 新加坡,选择哪里“诗意地栖居”？,http://group.ccb.com/chn/2012-05/02/article_2021082106154275963.shtml,2025-07-06 23:30:27
中国移民新加坡 财富管理,中国富豪为何热衷在新加坡设立家族办公室,https://fargowealth.com/en/home/cfsj/cfsj_detail/id/104.html,2025-07-06 23:30:31
中国移民新加坡 财富管理,专家视点栏目-赵先生“准移民”新加坡- 理财,https://www.icbc-ltd.com/icbc/%E7%BD%91%E4%B8%8A%E7%90%86%E8%B4%A2/%E4%B8%93%E5%AE%B6%E8%A7%86%E7%82%B9/%E8%B5%B5%E5%85%88%E7%94%9F%E5%87%86%E7%A7%BB%E6%B0%91%E6%96%B0%E5%8A%A0%E5%9D%A1.htm,2025-07-06 23:30:31
中国移民新加坡 财富管理,中国富豪财富管理为何青睐新加坡？,https://www.thepaper.cn/newsDetail_forward_13024876,2025-07-06 23:30:31
中国移民新加坡 财富管理,新加坡，绝非一个财富“弹丸小国”,http://v.icbc.com.cn/userfiles/Resources/ICBC/sryh/download/2015/sryh_2014_01_03.pdf,2025-07-06 23:30:31
中国移民新加坡 财富管理,新加坡家办观察：左手鼓励右手监管,https://m.21jingji.com/article/20240110/75c9ca5e45e178026af375dabde71614.html,2025-07-06 23:30:31
中国移民新加坡 财富管理,新加坡家族办公室设立的合规实践研究,https://www.allbrightlaw.com/CN/10475/e3c58a8e4200e23a.aspx,2025-07-06 23:30:31
中国移民新加坡 财富管理,移民新加坡需要多少钱？新加坡家族办公室详解,https://zhuanlan.zhihu.com/p/595522659,2025-07-06 23:30:31
中国移民新加坡 财富管理,新加坡家族办公室,https://www.globevisa.com.cn/xinjiapo/xjpjzbgsep.html,2025-07-06 23:30:34
中国移民新加坡 财富管理,为什么中国企业家都来新加坡办“家族办公室”,https://news.sina.cn/sx/2023-05-19/detail-imyuihuw4127305.d.html,2025-07-06 23:30:34
中国移民新加坡 财富管理,重新开放后，中国富人加速迁往新加坡,https://cn.wsj.com/articles/%E9%87%8D%E6%96%B0%E5%BC%80%E6%94%BE%E5%90%8E-%E4%B8%AD%E5%9B%BD%E5%AF%8C%E4%BA%BA%E5%8A%A0%E9%80%9F%E8%BF%81%E5%BE%80%E6%96%B0%E5%8A%A0%E5%9D%A1-763584ce,2025-07-06 23:30:34
中国移民新加坡 财富管理,优瑞卡财富集团(新加坡)有限公司,https://www.eurekainvestment.com.sg/,2025-07-06 23:30:34
中国移民新加坡 财富管理,新加坡一站式高端服务,https://singcham-shanghai.org/sites/default/files/content-files/ASC%20Family%20Office%20Intro.pdf,2025-07-06 23:30:34
中国移民新加坡 财富管理,解读：为什么中国富商移民新加坡？,https://zhuanlan.zhihu.com/p/616436096,2025-07-06 23:30:34
中国移民新加坡 财富管理,谈新加坡投资移民门槛提高对我国投资者的影响,https://www.siis.org.cn/sp/14726.jhtml,2025-07-06 23:30:34
中国移民新加坡 财富管理,中国富人加速资产外移新加坡提高投资移民门槛 - 维基新闻,https://zh.wikinews.org/zh-cn/%E4%B8%AD%E5%9B%BD%E5%AF%8C%E4%BA%BA%E5%8A%A0%E9%80%9F%E8%B5%84%E4%BA%A7%E5%A4%96%E7%A7%BB_%E6%96%B0%E5%8A%A0%E5%9D%A1%E6%8F%90%E9%AB%98%E6%8A%95%E8%B5%84%E7%A7%BB%E6%B0%91%E9%97%A8%E6%A7%9B,2025-07-06 23:30:34
中国移民新加坡 财富管理,香港扫榻以待迎回内地富人新加坡则严审外来资金,https://hk.finance.yahoo.com/news/%E9%A6%99%E6%B8%AF%E6%89%AB%E6%A6%BB%E4%BB%A5%E5%BE%85%E8%BF%8E%E5%9B%9E%E5%86%85%E5%9C%B0%E5%AF%8C%E4%BA%BA-%E6%96%B0%E5%8A%A0%E5%9D%A1%E5%88%99%E4%B8%A5%E5%AE%A1%E5%A4%96%E6%9D%A5%E8%B5%84%E9%87%91-050042697.html,2025-07-06 23:30:34
