keyword,title,url,snippet,displayed_link,position,search_timestamp
中国高净值人士 新加坡,新加坡金融机制稳定吸引最多高净值人士考虑移居,https://www.zaobao.com/finance/singapore/story20250307-5958627,汇丰银行（HSBC）全球私人银行日前发布的《2025年全球财富中心》报告显示，在23个国家和地区当中，新加坡是高净值人士考虑移居的首要地点。,https://www.zaobao.com › story20250307-5958627,1,2025-07-06 23:29:30
中国高净值人士 新加坡,2024年全球財富遷移報告：新加坡成富豪新寵中國高淨值 ...,https://hk.finance.yahoo.com/news/2024%E5%B9%B4%E5%85%A8%E7%90%83%E8%B2%A1%E5%AF%8C%E9%81%B7%E7%A7%BB%E5%A0%B1%E5%91%8A-%E6%96%B0%E5%8A%A0%E5%9D%A1%E6%88%90%E5%AF%8C%E8%B1%AA%E6%96%B0%E5%AF%B5-%E4%B8%AD%E5%9C%8B%E9%AB%98%E6%B7%A8%E5%80%BC%E4%BA%BA%E5%A3%AB%E5%A4%96%E6%B5%81%E5%B1%85%E5%86%A0-072004570.html,2024年全球財富遷移報告：新加坡成富豪新寵中國高淨值人士外流居冠 ... 亨利諮詢（Henley & Partners）最新發布的《2024 年亨利私人財富遷徙報告》指出，中國 ...,https://hk.finance.yahoo.com › news,2,2025-07-06 23:29:30
中国高净值人士 新加坡,高净值客户为何到新加坡设立家族办公室？1,http://www.nifd.cn/Uploads/Paper/443420c9-0d78-4502-90c8-b7adbf9b4146.pdf,此新加坡政府没有与中国等国家进行税收信息交换的报告义务。目前. 新加坡尚未与中国签署《自主信息交换协议》，因此目前中国的高净. 值客户更加偏好去新加坡开设金融账户。,http://www.nifd.cn › Uploads › Paper,3,2025-07-06 23:29:30
中国高净值人士 新加坡,我国超高净值人群设立家族办公室现状分析与应对,http://cel.cn/List/FullText?articleId=d37c148c-3e7b-448a-a49b-bc71faa14f18,部分中国超高净值群体倾向于选择在新加坡设立家族办公室，主要原因在以下几个方面。一是新加坡具有明显的税收优势。新加坡作为非全球性征税国家，以低税闻名 ...,http://cel.cn › List › FullText,4,2025-07-06 23:29:30
中国高净值人士 新加坡,中国高净值人士在新加坡设立家族办公室和投资初创企业的 ...,https://fargowealth.com/en/home/cfsj/cfsj_detail/id/78.html,"据《福布斯》杂志估计，梁信军的财富净资产达22亿美元，在该杂志的2022年全球亿万富豪榜排行榜位列第1,397位。 在决定落户新加坡之前，梁信军已经考虑了许多其他目的地。 他 ...",https://fargowealth.com › home › cfsj › cfsj_detail,5,2025-07-06 23:29:30
中国高净值人士 新加坡,高净值人士为何纷纷选择新加坡？_移民_教育_工作,https://www.sohu.com/a/843292362_121963266,新加坡不仅以其高度的治安保障闻名，其低税负的税制结构也是吸引投资者的重要因素。对于高净值人群来说，新加坡的个税最高不超过22%，公司所得税最高仅为17%， ...,https://www.sohu.com › ...,6,2025-07-06 23:29:30
中国高净值人士 新加坡,聚焦家办| 亚洲超高净值人群增长或将推动家族办公室的发展,https://www.bloombergchina.com/blog/asias-ultra-high-net-worth-boom-could-fuel-family-office-scene/,"中国香港约有三分之一的SFO由资产超过1亿美元的超高净值人士设立，另有25%的SFO设立者资产规模在5,000万至1亿美元之间。2023年，新加坡共有1,400家SFO。香港 ...",https://www.bloombergchina.com › 彭博洞见,7,2025-07-06 23:29:30
中国高净值人士 新加坡,莱坊：亚洲身家千万富翁增至85万4465人中国最多,https://www.zaobao.com/finance/singapore/story20250305-5970835,中国高净值人士总净值达1.34万亿美元. 报告预计，亚洲高净值人士的增速将 ... 在新加坡的家办，相对来说投资较为分散，仅41%投资于本地。超过四成 ...,https://www.zaobao.com › story20250305-5970835,8,2025-07-06 23:29:30
中国高净值人士 新加坡,2025年全球财富中心报告：新加坡是高净值人士考虑移居的 ...,https://zhuanlan.zhihu.com/p/29644570972,汇丰银行（HSBC）发表最新的《2025年全球财富中心》报告显示，在23个国家和地区当中，新加坡是高净值人士考虑移居的首要地点。 报告说，新加坡能为亚太第一代 ...,https://zhuanlan.zhihu.com › ...,9,2025-07-06 23:29:30
中国高净值人士 新加坡,早报:500中国富豪料年内携24亿美元移居新加坡,https://www.rfi.fr/cn/%E5%9B%BD%E9%99%85/20220803-%E6%97%A9%E6%8A%A5-500%E4%B8%AD%E5%9B%BD%E5%AF%8C%E8%B1%AA%E6%96%99%E5%B9%B4%E5%86%85%E6%90%BA24%E4%BA%BF%E7%BE%8E%E5%85%83%E7%A7%BB%E5%B1%85%E6%96%B0%E5%8A%A0%E5%9D%A1,新加坡联合早报8月3日报道，上万中国的“高净值人士”（High Net Worth Individuals）正在尝试迁移到其他国家，其中打算在今年移到新加坡的估计超过500人，随他们 ...,https://www.rfi.fr › 法广 › 国际,10,2025-07-06 23:29:30
中国高净值人士 新加坡,中国富豪新加坡设家办洗钱风波冲击有限,https://www.voachinese.com/a/is-singapore-losing-china-s-rich-to-hong-kong-in-family-office-rush-06262024/7674978.html,根据国际投资移民咨询公司Henley & Partners近期发布的一份最新报告，去年和前年，中国高净值人士外流数量居世界首位，多数移居至新加坡、美国和加拿大。 盼 ...,https://www.voachinese.com › is-singapore-losing-chin...,1,2025-07-06 23:29:34
中国高净值人士 新加坡,高净值人士为何青睐新加坡这片“热土”？_移民_工作_家庭,https://www.sohu.com/a/858584968_121963266,如今，新加坡富豪榜上的大部分富豪都是来自中国内地，比如海底捞创始人张勇和迈瑞医疗创始人李西廷等。这些大佬的成功移民和选择，不仅反映了新加坡对企业家 ...,https://www.sohu.com › ...,2,2025-07-06 23:29:34
中国高净值人士 新加坡,2025胡润至尚优品—中国高净值人群品质生活报告,https://www.hurun.net/zh-cn/info/detail?num=SHUPUNT1XPQL,本次调研共覆盖750位千万资产中国高净值人士，其中亿元资产以上超高净值人士32人。 ... 中国香港和新加坡依旧稳居境外投资目的地榜首。股票和货币 ...,https://www.hurun.net › zh-cn › info › detail,3,2025-07-06 23:29:34
中国高净值人士 新加坡,逾500中国高净值人士料带24亿美元迁移新加坡,https://www.pickastock.info/news?id=185128,（新加坡3日讯）上万的中国的高净值人士（High Net Worth Individuals）正在尝试迁移到其他国家，而今年打算迁移到新加坡的中国高净值人士净数估计超过500人，随他们一起来到 ...,https://www.pickastock.info › news,4,2025-07-06 23:29:34
中国高净值人士 新加坡,新加坡失寵？報導稱中國富豪紛紛回流香港 - 鉅亨網,https://news.cnyes.com/news/id/5849370,從「新加坡熱」到「香港回流」​​ 在過去兩三年，受到香港疫情政策、政治、經濟以及中美關係的影響，許多高淨值人士選擇前往新加坡。 新加坡一間諮詢公司創辦 ...,https://news.cnyes.com › news,5,2025-07-06 23:29:34
中国高净值人士 新加坡,新加坡保险：中国高净值人士海外资产配置优选,https://zhuanlan.zhihu.com/p/696211979,近年来，大量中国高净值人士涌入新加坡，这其中就包括迈瑞医疗的创始人李西廷、海底捞创始人张勇等知名富豪。除移居外，这些高净值人士也热衷于在新加坡进行 ...,https://zhuanlan.zhihu.com › ...,6,2025-07-06 23:29:34
中国高净值人士 新加坡,新加坡家办观察：左手鼓励右手监管- 21世纪经济报道,https://m.21jingji.com/article/20240110/75c9ca5e45e178026af375dabde71614_zaker.html,目前在新加坡设立家族办公室的高净值人士中有几个响亮的名字，包括海底捞创始人张勇夫妇、桥水基金公司创始人瑞·达利欧、戴森公司创始人James Dyson等。 ...,https://m.21jingji.com › article,7,2025-07-06 23:29:34
中国高净值人士 新加坡,瑞银调查：新加坡逾八成高净值人士对未来展望乐观,https://www.ccpit.org/singapore/a/20221104/20221104undv.html,《联合早报》中文版11月3日报道：一项最新调查显示，新加坡有逾八成受访的高净值人士对未来展望表示乐观，比率远高于全球平均59％的水平。,https://www.ccpit.org › singapore,8,2025-07-06 23:29:34
中国高净值人士 新加坡,[启金智库] 香港or新加坡？中国高净值人士家办该如何抉择,https://www.tax100.com/thread-869780-1-1.html?fromuid=0,香港与新加坡两地积极布局家族办公室的法律制度和政策保障，吸引高净值人士来此设立家族办公室。抢人之势愈演愈烈，那么对于中国企业家、高净值人士该如何选择？,https://www.tax100.com › thread-869780-1-1,9,2025-07-06 23:29:34
中国高净值人士 新加坡,胡润：新加坡成中国高净值人士走向国际第一目的地,https://www.cnstrongimm.cn/?mod=newscon&id=1731,“2023年新加坡十大富豪”。这十人共计拥有财富5995亿元，其中有1人个人身价超过千亿元，5人身价超过500亿元。并且值得一提的是，在这十人中，华人便占据了足足8个席位。,https://www.cnstrongimm.cn › ...,10,2025-07-06 23:29:34
中国富人 资产配置 新加坡,猜不到吧！掌握内地富豪最多秘密的人，居然藏在新加坡,https://cj.sina.cn/articles/view/6225260174/1730dee8e001017ypi,这些设立于新加坡的家族办公室，不仅承载着巨额财富的流转与传承密码，更因高度保密的运作机制，成为掌握中国富豪财富版图“隐秘角落”的关键角色。 ... 资产配置 ...,https://cj.sina.cn › articles › view,2,2025-07-06 23:29:38
中国富人 资产配置 新加坡,中国富豪缘何扎堆涌向新加坡？,https://zhuanlan.zhihu.com/p/698567820,为了吸纳资金，新加坡给外国富豪们广开绿灯，让这些富豪可以正大光明的做到合法规避各种赋税，优化资产配置。 新加坡为区域性征税，可以豁免资本利得税，没有 ...,https://zhuanlan.zhihu.com › ...,4,2025-07-06 23:29:38
中国富人 资产配置 新加坡,中国富豪群体之争，中国香港与新加坡的“老钱”与“新钱”,https://www.163.com/dy/article/K1FPM60F0552YKV6.html,相比之下，亚太地区（含大中华区）的资产配置不足10%，除去日本和韩国的部分份额，不考虑资本泥潭中的东南亚和南亚，留给中国和新加坡的资产配置份额更显不足。,https://www.163.com › article,6,2025-07-06 23:29:38
中国富人 资产配置 新加坡,中国富人地图 - 人民日报,http://paper.people.com.cn/rmwz/html/2013-02/01/content_1204920.htm?div=-1,他们拥有600万人民币可以用作投资的资产；他们的海外资产集中在香港、美国和新加坡；他们主要是通过创办企业来实现财富积累；他们当中99%都是已婚人士。,http://paper.people.com.cn › html › content_1204920,7,2025-07-06 23:29:38
中国富人 资产配置 新加坡,新加坡加强外资审查中国富豪重返香港,https://www.fortunetimes.sg/cn/?p=44839,新加坡的严格审查制度，把富豪推向香港. 长期以来，中国富豪在新加坡和香港之间进行资产配置和投资。新加坡的优越环境曾吸引大量中国富豪迁移和投资。,https://www.fortunetimes.sg › 首页 › 财经 › 趋势,9,2025-07-06 23:29:38
中国富人 资产配置 新加坡,掌握趋势：新加坡为何成为中国富豪资产配置的新焦点？,https://podcasts.apple.com/au/podcast/%E6%8E%8C%E6%8F%A1%E8%B6%8B%E5%8A%BF-%E6%96%B0%E5%8A%A0%E5%9D%A1%E4%B8%BA%E4%BD%95%E6%88%90%E4%B8%BA%E4%B8%AD%E5%9B%BD%E5%AF%8C%E8%B1%AA%E8%B5%84%E4%BA%A7%E9%85%8D%E7%BD%AE%E7%9A%84%E6%96%B0%E7%84%A6%E7%82%B9/id1731835155?i=1000650748131,其次，新加坡作为国际金融中心，具有极高的金融自由度和开放度。这里不仅汇聚了众多全球知名的金融机构，还为富豪们提供了丰富的金融产品和投资渠道。此外， ...,https://podcasts.apple.com › podcast › 掌握趋势-新加...,10,2025-07-06 23:29:38
中国富人 资产配置 新加坡,专访淡马锡吴亦兵：持续投资中国市场，投资组合表现仍富有 ...,https://m.21jingji.com/article/20240720/07b3b5d2cda118c645b624717039f0d6.html,... 中国市场的资产配置超越新加坡本土，成为其第一大重仓市场。但近年来，由于中国资本市场表现欠佳等多方因素的影响，淡马锡持有的中国资产价值也略微缩水。,https://m.21jingji.com › article,1,2025-07-06 23:29:43
中国富人 资产配置 新加坡,落子新加坡基金子公司“走出去”添新路线,https://paper.cnstock.com/html/2025-07/06/content_2090066.htm,符合特定条件（公司管理的资产至少30%投资于新加坡上市股票等）且首次上市的基金管理人提供相关基金管理或咨询服务获得的收入可享受5%的企业所得税优惠税率 ...,https://paper.cnstock.com › html › content_2090066,2,2025-07-06 23:29:43
中国富人 资产配置 新加坡,家族办公室设在香港还是新加坡,https://deepview.caixin.com/event/EVENT.000000395.html,"截至2023年末，有约2,700家单一家族办公室在港经营，其中逾半家办所管理的资产规模高于5,000万美元。 在数量上，香港相比新加坡更有优势。 新加坡和香港一直 ...",https://deepview.caixin.com › EVENT.000000395.html,3,2025-07-06 23:29:43
中国富人 资产配置 新加坡,新加坡加強審查讓中國富豪轉向香港：洗錢風波後的亞洲財富 ...,https://sunrisemedium.com/p/674/singapore-039-s-lure-for-rich-chinese-breeds-family-office-tensions,"截至2023 年底，從中國轉至新加坡的個人金融資產總額達4,000 億美元。 此外，新加坡還從印尼接收了1,400 億美元，從印度接收了1,300 億美元，從香港接收了700 ...",https://sunrisemedium.com › singapore...,4,2025-07-06 23:29:43
中国富人 资产配置 新加坡,新加坡变身家族办公室“热土” 香港多管齐下,https://m.icbc.com.cn/icbc/%E5%B0%8Fe%E8%B5%84%E8%AE%AF/%E5%B0%8Fe%E8%A1%8C%E5%AE%B6/%E8%A7%86%E7%82%B9%E6%8E%A8%E8%8D%90/%E6%96%B0%E5%8A%A0%E5%9D%A1%E5%8F%98%E8%BA%AB%E5%AE%B6%E6%97%8F%E5%8A%9E%E5%85%AC%E5%AE%A4%E7%83%AD%E5%9C%9F%E9%A6%99%E6%B8%AF%E5%A4%9A%E7%AE%A1%E9%BD%90%E4%B8%8B%E5%B7%A9%E5%9B%BA%E4%BA%9A%E5%A4%AA%E5%AE%B6%E6%97%8F%E5%8A%9E%E5%85%AC%E5%AE%A4%E6%9E%A2%E7%BA%BD%E5%9C%B0%E4%BD%8D.htm,此外，申请人还必须拥有至少三年的创业经历，并提交企业最近三年经审计的财务报告；申请人所创建的企业最近一年营业额需超过5000万元新加坡元，且最近三年年 ...,https://m.icbc.com.cn › 小e资讯 › 小e行家 › 视点推荐,5,2025-07-06 23:29:43
中国富人 资产配置 新加坡,移居到新加坡的中国富豪在奢侈品上挥金如土，却没有在当地 ...,https://caus.com/all-articles/news/106149/,一年前，新加坡还改变了家族办公室寻求免税的条件，提高了最低资产管理标准和本地投资要求。就在上个月，新加坡又提高了全球投资者计划申请人的就业和投资 ...,https://caus.com › all-articles › news,6,2025-07-06 23:29:43
中国富人 资产配置 新加坡,新加坡嚴審外資防洗錢促中國富豪回流香港 - 公視新聞網,https://news.pts.org.tw/article/706786,《日經亞洲》報導，新加坡今（2024）年甚至罕見的拒絕了幾位中國富豪的家族辦公室申請，也要求金融機構重新了解大客戶的金錢流向，資產被掌握，加上申請永久居留 ...,https://news.pts.org.tw › 全球,8,2025-07-06 23:29:43
中国富人 资产配置 新加坡,东盟观察丨新加坡家办观察①：左手鼓励，右手监管,https://m.21jingji.com/article/20240109/herald/b01616942077d885d4fb12a3835574c1_zaker.html,而从资产管理规模看，新加坡金融管理局发布的《2022年新加坡资产管理调查》报告显示，新加坡2022年的资产管理规模为4.9万亿新元（约合3.7万亿美元），较2021年 ...,https://m.21jingji.com › article › herald,9,2025-07-06 23:29:43
中国富人 资产配置 新加坡,出走新加坡．一｜家族辦公室林立十大富豪竟有四位是中國移民,https://www.hk01.com/%E4%B8%AD%E5%9C%8B%E8%A7%80%E5%AF%9F/784487/%E5%87%BA%E8%B5%B0%E6%96%B0%E5%8A%A0%E5%9D%A1-%E4%B8%80-%E5%AE%B6%E6%97%8F%E8%BE%A6%E5%85%AC%E5%AE%A4%E6%9E%97%E7%AB%8B-%E5%8D%81%E5%A4%A7%E5%AF%8C%E8%B1%AA%E7%AB%9F%E6%9C%89%E5%9B%9B%E4%BD%8D%E6%98%AF%E4%B8%AD%E5%9C%8B%E7%A7%BB%E6%B0%91,中國新移民富豪近年已打破了新加坡原有的財富版圖，張勇早於2019年、2020年兩度蟬聯當地首富。在此之前，當地的房地產開發商遠東機構（Far East Organization ...,https://www.hk01.com › 中國觀察,10,2025-07-06 23:29:43
中国富豪 为什么移民新加坡,中国顶级富豪都爱移民新加坡？背后的原因找到了,https://news.qq.com/rain/a/20240520A02I6C00,换来的结果就是，新加坡环境优美，社会稳定，治安良好，老百姓安居乐业，政府廉洁高效，司法透明公正，如果用一个词来总结，那就是中国人最熟悉的“和谐”。 再加上 ...,https://news.qq.com › rain,1,2025-07-06 23:29:50
中国富豪 为什么移民新加坡,中国富豪，为什么那么喜欢新加坡？,https://m.36kr.com/p/2706171155150979,对于中国富豪来说，新加坡不仅有着更相近的文化背景，廉洁高效的政府与丰富的教育与医疗资源也同样在亚洲首屈一指。 除了文化和基本生活软硬件早已是发达 ...,https://m.36kr.com › ...,3,2025-07-06 23:29:50
中国富豪 为什么移民新加坡,为什么中国富豪都移民新加坡？,https://zhuanlan.zhihu.com/p/686616716,首先，新加坡是全球的离岸金融管理中心，拥有完善的金融体系和法律法规。 这使得投资人可以在新加坡轻松地进行全球业务运作，而无需亲自出门。 其次，新加坡被认为是一个避税 ...,https://zhuanlan.zhihu.com › ...,4,2025-07-06 23:29:50
中国富豪 为什么移民新加坡,为什么新加坡不断吸引着新移民？,https://www.anjiasg.com/blog/why-are-rich-chinese-rushing-to-immigrate-to-singapore/,新加坡是全球离岸财富管理中心，金融市场 ; 新加坡是避税天堂，税制低廉 ; 新加坡是东方瑞士，银行保密法 ; 新加坡的政治局势稳定，大国平衡 ; 新加坡是宜居城市， ...,https://www.anjiasg.com › blog › why-are-rich-chinese-...,5,2025-07-06 23:29:50
中国富豪 为什么移民新加坡,中国富豪，为什么那么喜欢新加坡？,https://cj.sina.cn/articles/view/6724296984/190cca118019016dhn?vt=4&from=finance,中国富人为什么这么偏爱新加坡？ 一、可以说是富得流油. 新加坡国土面积733.2平方公里，大约和上海的市区面积（781.04平方公里） ...,https://cj.sina.cn › articles › view,7,2025-07-06 23:29:50
中国富豪 为什么移民新加坡,为什么中国游艇人涌向新加坡,https://www.jyacht.com/life/hqsc/j04202451801.shtml,中国富豪涌向新加坡，有些是纯个人家庭的选择，有些则是为了企业全球化发展的商业便利，事实上，不少进军全球市场的中国公司的总部并不设在北上广深或香港，而 ...,https://www.jyacht.com › life › hqsc,8,2025-07-06 23:29:50
中国富豪 为什么移民新加坡,法新看中国很富的人更多移民新加坡保家卫财,https://www.rfi.fr/cn/%E4%B8%AD%E5%9B%BD/20230204-%E6%B3%95%E6%96%B0%E7%9C%8B%E4%B8%AD%E5%9B%BD%E5%BE%88%E5%AF%8C%E7%9A%84%E4%BA%BA%E6%9B%B4%E5%A4%9A%E7%A7%BB%E6%B0%91%E6%96%B0%E5%8A%A0%E5%9D%A1%E4%BF%9D%E5%AE%B6%E5%8D%AB%E8%B4%A2,新加坡接待越来越多的高净值很富的家庭从中国搬到这个东南亚城市国家。中国很多很富的人以此避免他们的财富有朝一日落入日益可疑的中国共产党手中。,https://www.rfi.fr › 法广 › 中国,9,2025-07-06 23:29:50
中国高净值客户 离岸账户,高净值人群海外存款涉税合规指引- 专业文章- 上海,https://www.allbrightlaw.com/CN/10475/62c798be04b4cf08.aspx,但是，CRS与SWIFT的双剑出鞘后，越来越多的高净值人士选择离岸信托、保险金信托，持续规划税务结构，降低金融账户信息跨境交换的“被曝光度”。 3. 税务身份趋向 ...,https://www.allbrightlaw.com › ...,1,2025-07-06 23:29:55
中国高净值客户 离岸账户,高净值人群海外存款涉税合规指引,https://www.shui5.cn/article/25/1950.html,本文梳理了高净值人群与海外金融账户的基础理论内容，解析了CRS和SWIFT双监管机制下的补税、罚款等涉税风险，通过对比以上监管要求，提出“自查—规划—重构—跟踪”的合规规划 ...,https://www.shui5.cn › 纳税评估 › 财税风险控制,2,2025-07-06 23:29:55
中国高净值客户 离岸账户,财富管理- 毕马威中国,https://kpmg.com/cn/zh/home/insights/2023/06/hong-kong-banking-report-2023/wealth-management.html,一种是离岸模式：客户账户可能在香港或新加坡记账（如上文所述）。 另一种是在岸模式：最近十年间，为了在中国提供私人财富管理服务，跨国银行纷纷在境内设立了 ...,https://kpmg.com › 主页 › 洞察 › 重回正轨，抓住机遇,3,2025-07-06 23:29:55
中国高净值客户 离岸账户,高净值人士开设离岸账户应该选择哪些国家,http://m.hkfff.com/2019/aq_0808/1536.html,离岸银行账户可以有效规避政策变化风险，提高资金自由调配的可能性。 其次。 通过离岸账户，资金可以跨地区投资配置，这也是全球经济金融一体化的必然趋势。 ...,http://m.hkfff.com › ...,4,2025-07-06 23:29:55
中国高净值客户 离岸账户,私人银行的“离岸”征途,http://www.chinaforex.com.cn/index.php/cms/item-view-id-36175.shtml,高净值客户有更多的全球财富管理需求，离岸金融资产已经构成高净值客户资产配置的重要组成部分。地理接近是高净值客户选择离岸目的地的一个主要因素。,http://www.chinaforex.com.cn › item-view-id-36175,5,2025-07-06 23:29:55
中国高净值客户 离岸账户,高净值人士如何选择离岸银行账户？五大热门国家深度解析,https://www.hkfeng.com/lianzhishi/hkzhanghuxg/5232.html,开设离岸账户时，银行通常会要求提供护照复印件、住址证明等基本文件，部分银行可能还需要现有银行的资信证明。反洗钱审查是必要流程，银行会详细了解资金 ...,https://www.hkfeng.com › lianzhishi › hkzhanghuxg,6,2025-07-06 23:29:55
中国高净值客户 离岸账户,中国版CRS落地：富豪海外财富征税大幕拉开,https://www.sfccn.com/2018/9-6/yMMDE0MDVfMTQ0NzkyMg.html,“我们正建议中国高净值客户尽早将海外财富转移到税种与中国相似、税率与中国接近的国家，规避重复征税烦恼。”上述常驻新加坡的离岸信托服务机构主管告诉 ...,https://www.sfccn.com › ...,7,2025-07-06 23:29:55
中国高净值客户 离岸账户,中国富豪海外藏富难,https://www.zaobao.com/finance/china/story20171014-802874,据中国媒体本周的报道，中国的多家银行，即将针对个人非税收居民高净值客户（截至2017年6月30日金融账户加总余额超过100万美元，即136万新元）金融账户涉税信息,https://www.zaobao.com › china › story20171014-802874,8,2025-07-06 23:29:55
中国高净值客户 离岸账户,离岸账户| 高净值人士进行投资规划如何选择离岸银行账户 ...,https://cn.linkedin.com/pulse/%E7%A6%BB%E5%B2%B8%E8%B4%A6%E6%88%B7-%E9%AB%98%E5%87%80%E5%80%BC%E4%BA%BA%E5%A3%AB%E8%BF%9B%E8%A1%8C%E6%8A%95%E8%B5%84%E8%A7%84%E5%88%92%E5%A6%82%E4%BD%95%E9%80%89%E6%8B%A9%E7%A6%BB%E5%B2%B8%E9%93%B6%E8%A1%8C%E8%B4%A6%E6%88%B7%E5%9B%BD%E5%AE%B6-kevy-wong,在银行开户方面，可以选择汇丰银行、星展银行、渣打银行、花旗银行、华侨永亨、东亚银行等，开户周期快速，开户当天，申请人就可以完成网银的注册并进行使用。,1 个回应 · 5年前,9,2025-07-06 23:29:55
中国高净值客户 离岸账户,高净值人群的福音：离岸账户+国内银行，财富增值新玩法！,https://www.kongkangroup.com/403875.html,离岸账户是指设立在境外的银行账户，通常用于存放个人或企业的国际资产。对于高资产人士而言，离岸账户具有诸多优势。首先，它可以帮助客户实现资产多元化 ...,https://www.kongkangroup.com › ...,10,2025-07-06 23:29:55
中国高净值客户 离岸账户,离岸信托vs CRS：高净值家庭的“资产隐身术”与“税单拆弹指南”,https://www.cil.bz/offshore-trust-vs-crs/,2025年新趋势：高净值客户通过香港投资移民获取税号，将离岸资产装入 ... 开设离岸账户 · 新加坡EP · 离岸公司做账. 联系我们. 电话: +86 21 6070 4382,https://www.cil.bz › offshore-trust-vs-crs,1,2025-07-06 23:29:59
中国高净值客户 离岸账户,从国际反洗钱视角审视私人财富保护策略,https://www.zhonglun.com/research/articles/15990.html,本文将首先从法律的角度剖析中国境外和中国境内金融机构的反洗钱义务，再从实务角度重点分析中国超高净值客户在中国内地、中国香港、新加坡这些亚洲主流 ...,https://www.zhonglun.com › research › articles,2,2025-07-06 23:29:59
中国高净值客户 离岸账户,CRS来袭，高净值人群如何面对资产“裸奔”时代,http://www.chinaforex.com.cn/index.php/cms/item-view-id-42480.shtml,长期以来，高净值人士全球资产配置中都能见到“离岸信托”的身影。 从法律上看，信托是一种人与人之间基于信任而进行的安排。 委托人将自己的财产转让给受托 ...,http://www.chinaforex.com.cn › item-view-id-42480,3,2025-07-06 23:29:59
中国高净值客户 离岸账户,中国私人银行与财富管理行业报告,https://pic.bankofchina.com/bocappd/report/201107/p020110720528015715930.pdf,为了提供全方位的私人银行和财富管理服务，中资银行必须. 开始业务的跨境布局，拓展帮助客户进行海外资产配置方式，为他. 们提供相关的境外服务。 “我们预计中国高净值人群 ...,https://pic.bankofchina.com › bocappd › report,4,2025-07-06 23:29:59
中国高净值客户 离岸账户,CRS，高净值的你，准备好了吗,http://www.shui5.cn/article/47/137011.html,其账户信息将会被收集、报送，交换给其税收居民所在国。 对于高净值人士而言，正式实施CRS后，一些常用的离岸金融工具将作为信息而被申报，通过离岸 ...,http://www.shui5.cn › 法规解读,5,2025-07-06 23:29:59
中国高净值客户 离岸账户,解读高净值人群新气象，《2021中国私人财富报告》正式发布！,https://www.cmbchina.com/privatebank/PrivatebankInfo.aspx?guid=59fd4373-749b-4dc8-b6c3-f7a6070c6b83,报告显示，预计到2021年底，中国高净值人群数量将接近300万人，可投资资产总规模将突破90万亿。那么，高净值人群的投资态度和财富管理需求又有哪些变化呢？了解 ...,https://www.cmbchina.com › PrivatebankInfo,6,2025-07-06 23:29:59
中国高净值客户 离岸账户,为什么要做海外资产配置跨境理财？,https://m.haiwaimoney.com/h-nd-2236.html,3. 具体到中国的高净值人士，大部分财富都来源于企业经营。随着国际转口贸易业务模式的开展，中国企业越来越需要融资和结算等配套服务，而离岸账户则可以有效帮助他们提高资金 ...,https://m.haiwaimoney.com › h-nd-2236,7,2025-07-06 23:29:59
中国高净值客户 离岸账户,中国启动个人高净值金融账户涉税调查移民账户需申报 - 天天基金,"https://fund.eastmoney.com/a/1590,20161029678372536.html",根据征求意见稿规定，中国境内的居民不需要申报账户信息，非居民账户则要配合金融机构申报涉税信息。 德勤税务合伙人俞娜在接受媒体采访 ...,https://fund.eastmoney.com › ...,8,2025-07-06 23:29:59
中国高净值客户 离岸账户,离岸信托并非万能神器_中国银行保险报网,http://xw.cbimc.cn/2021-04/07/content_389035.htm,在全球化时代，高净值人士尤其是超高净值家族，通常会在全球进行资产配置，为离岸信托的运用提供了需求土壤。由于能够灵活挑选与家族目标符合的离岸地，如选择 ...,http://xw.cbimc.cn › content_389035,9,2025-07-06 23:29:59
中国高净值客户 离岸账户,立足国际金融中心香港成海外资产配置桥头堡,https://www.stcn.com/article/detail/617891.html,《2021中国私人财富报告》显示，我国高净值人群境外可投资产比例从2019年的15%上升到2021年的30%。 随着境外可投资资产比例的上升，高净值人群对境外投资的 ...,https://www.stcn.com › article › detail,10,2025-07-06 23:29:59
新加坡 CRS 避税,中国国籍的高净值人群获得新加坡永久居民，如何避免成为 ...,https://www.shui5.cn/article/e4/6047.html,在CRS的影响下，由于离岸金融工具也作为信息而被申报，再想通过离岸金融来达到隐藏资产、逃税、避税变得困难。另外，对于高净值的“富人”而言，如果信息不正确 ...,https://www.shui5.cn › 税务问答 › 税收实务,1,2025-07-06 23:30:03
新加坡 CRS 避税,新加坡或可完美规避CRS？不存在的！仅余两月,https://www.sohu.com/a/235806409_707638,观点| 新加坡或可完美规避CRS？不存在的 ... 避税圣地的名单数量越来越少。继中国香港去年底加入CRS 后，新加坡日前也正式宣布与中国交换CRS 信息。,https://www.sohu.com › ...,2,2025-07-06 23:30:03
新加坡 CRS 避税,新加坡银行CRS申报要求【深度解析】：企业合规全攻略！,https://www.ingstart.com/blog/16514.html,传统离岸避税模式失效，需转向：. 新加坡本地税务居民身份规划; 利用税收协定网络优化资产配置; 建立合规架构进行资产隔离. 3.3 银行 ...,https://www.ingstart.com › 主頁 › 海外公司 › 新加坡公司,3,2025-07-06 23:30:03
新加坡 CRS 避税,避税天堂也加入CRS?新加坡还适合移民吗？ - 海外财富网,https://m.haiwaimoney.com/h-nd-2339.html,最大一优点，就是申请坡移民申请，一家人有一个人申请后，其它成员都可加入，至于成年子女，只需要申请留学移民，或是工作移民都很方便。并且新加坡税收也比较人性，非全球性征税， ...,https://m.haiwaimoney.com › h-nd-2339,4,2025-07-06 23:30:03
新加坡 CRS 避税,中国跨境卖家为何纷纷转向新加坡税务身份？实现避税与 ...,https://www.ingstart.com/blog/21716.html,作为CRS交换成员国，新加坡对账户信息交换的标准严格，但其对部分信托架构、家办结构内的财产仍提供“穿透豁免”空间。此外，新加坡对CRS交换的主权立场 ...,https://www.ingstart.com › 主頁 › 跨境资讯,5,2025-07-06 23:30:03
新加坡 CRS 避税,CRS信息交换与个人海外资产的税务合规之路,https://www.hankunlaw.com/portal/article/index/cid/8/id/15366.html,新加坡于2016年颁布了《2016所得税（国际税收遵从协定）（CRS）条例》，将CRS的要求纳入新加坡的国内立法框架。新加坡CRS规则要求并授权SGFI（Singapore ...,https://www.hankunlaw.com › portal › article › index › cid,6,2025-07-06 23:30:03
新加坡 CRS 避税,CRS影响下，新加坡为什么越来越受海内外人士追捧？,https://zhuanlan.zhihu.com/p/89424823,但是新加坡政府至少在三四年前就已经预见全球反避税、反洗钱的严峻形势，因而，采取了一系列的相关措施。 新加坡政府就开始规范当地的秘书公司，从而对于成立新加坡公司的人员 ...,https://zhuanlan.zhihu.com › ...,7,2025-07-06 23:30:03
新加坡 CRS 避税,范围不止金融账户新加坡将与中国交换涉税信息,http://finance.sina.cn/2018-05-05/detail-ifzyqqir0847743.d.html?from=wap,根据经合组织公布的官方数据，中国目前已经与61个国家在MCAA下“配对”成功。和中国香港一样，新加坡加入CRS后，其作为高净值人群避税地的优势或将逐渐减退。,http://finance.sina.cn › detail-ifzyqqir0847743.d.html,8,2025-07-06 23:30:03
新加坡 CRS 避税,离岸投资架构选择香港新加坡的税收与反避税考量_北京转创国际管理 ...,http://www.transverture.com/view.php?id=7494,就新加坡境内收到的境外支付的收入，若支付方所在国对该笔支付款征税且该国标准税率超过15%，可在新加坡免税。不符合免税条件的，无论是否存在双边税收协定，就该笔支付款 ...,http://www.transverture.com › view,9,2025-07-06 23:30:03
新加坡 CRS 避税,此地无银三百两?评新加坡不可撤销信托的CRS规避功能,https://shuo.news.esnai.com/article/201802/169709.shtml,该FATCA指引第5.13.11条对于不可撤销信托的申报问题就做了类似规定，即不可撤销信托的委托人，其账户余额和收入金额均申报为0。,https://shuo.news.esnai.com › article,10,2025-07-06 23:30:03
新加坡 CRS 避税,在新加坡设立（离岸）公司的好处（连载一）,https://zhuanlan.zhihu.com/p/627461401,但是，CRS为了防止个人通过在非CRS参与国设立投资机构（Investment Entity) 进行避税，CRS特别增加了一类“消极非金融机构”，即位于CRS非参与国的投资机构( ...,https://zhuanlan.zhihu.com › ...,1,2025-07-06 23:30:10
新加坡 CRS 避税,中国居民赴新加坡投资税收指南,https://www.yidaiyilu.gov.cn/wcm.files/upload/CMSydylgw/202002/202002040349028.pdf,新加坡税务局对纳税人以直接评税方式征税，对向非居民纳税人支付. 款项的纳税人征收预提所得税。对于不能直接评税且支付税款的非居民纳. 税人，无论其代理人是否收到收入， ...,https://www.yidaiyilu.gov.cn › CMSydylgw,2,2025-07-06 23:30:10
新加坡 CRS 避税,重磅！中国及新加坡正式加入CRS，富人避税再无可能！_存款账户,https://www.sohu.com/a/251372222_100222841,"2018年9月1日，中国和新加坡正式加入了CRS（Common Reporting Standard 统一报告标准）,一个了令很多（有钱）人闻风丧胆的组织！",https://www.sohu.com › ...,3,2025-07-06 23:30:10
新加坡 CRS 避税,讓富人恐慌的全球追稅令CRS,https://topics.cnyes.com/CRS/,CRS最主要的精神，是各國政府透過交換訊息，是讓全球金融帳戶透明化，以打擊利用海外賬戶跨國逃稅和不合理避稅的行為，將藏匿在海外免稅天堂的所得都抓回來課稅，因此又有「全球 ...,https://topics.cnyes.com › CRS,4,2025-07-06 23:30:10
新加坡 CRS 避税,海外资产避税天堂真的安全吗？香港、新加坡、美国CRS真相,https://www.kongkangroup.com/402674.html,对于普通投资者而言，CRS意味着隐私保护程度降低。以往，个人可以利用离岸账户规避税收或隐藏资产，但如今这种做法变得困难重重。在进行海外投资前，必须充分 ...,https://www.kongkangroup.com › ...,6,2025-07-06 23:30:10
新加坡 CRS 避税,CRS全球征税，合理避税你需要知道这15个具体细节！,https://cifinvest.com/news/crs/crs611.html,比如中国和新加坡采纳“共同申报准则”(CRS)之后，某中国税收居民在新加坡金融机构拥有账户，则该居民的个人信息以及账户收入所得会被新加坡金融机构 ...,https://cifinvest.com › news › crs › crs611,7,2025-07-06 23:30:10
新加坡 CRS 避税,新加坡CRS政策：全球税务合规的重要举措 - 港通智信,https://www.gtzxsg.com/a/5016.html,首先，CRS政策的实施有助于打击跨境逃税和避税行为。通过共享税务信息，各国税务机构可以更好地监管和追踪全球资金流动，减少税收漏洞和不公平竞争。其次，CRS ...,https://www.gtzxsg.com › ...,8,2025-07-06 23:30:10
新加坡 CRS 避税,CRS来袭知名避税天堂沦陷富人海外账户即将“裸奔”？ - 中国财经,http://finance.china.com.cn/money/cfsh/20180912/4758261.shtml,... 新加坡、瑞士等加入CRS，富人海外账户或即将“裸奔”。不过记者调查发现，依然有人在利用CRS的程序漏洞来进行逃避税，比如投资入籍。 投资入籍成规避CRS手段.,http://finance.china.com.cn › 理财 › 财富生活,9,2025-07-06 23:30:10
新加坡 CRS 避税,新加坡移民还可以规避crs吗？新加坡如何开户？,https://www.yingjinhk.com/news/2018/1463.html,那么，我们该如何规避crs呢？楹进集团顾问表示：有一个靠谱的办法就是转换税务居民的身份，也就是移民。移民新加坡就是其中的一种 ...,https://www.yingjinhk.com › news,10,2025-07-06 23:30:10
中国 家族信托 新加坡,境外信托法律介绍之新加坡家族信托法篇,https://www.dehenglaw.com/CN/tansuocontent/0008/029761/7.aspx?MID=0902&AID=,如一个中国或美国委托人在英属维尔京群岛（BVI） 设立的家族信托，这个英属维尔京群岛（BVI）家族信托一般适用BVI的法律并由当地法院管辖。在进行离岸家族信托 ...,https://www.dehenglaw.com › tansuocontent,1,2025-07-06 23:30:16
中国 家族信托 新加坡,新加坡家族办公室设立的合规实践研究,https://www.allbrightlaw.com/SH/CN/10475/e3c58a8e4200e23a.aspx,仅为单个家族服务，提供高度定制化方案，适合资产规模庞大（通常超2000万新币）、需求复杂的家族，例如通过信托架构实现资产隔离与跨代传承。 特点：. 豁免牌照： ...,https://www.allbrightlaw.com › ...,2,2025-07-06 23:30:16
中国 家族信托 新加坡,Z女士海外家族信托被“击穿”的法律启示,https://www.kwm.com/cn/zh/insights/latest-thinking/overseas-family-trust-breakdown-of-ms-z.html,家族信托具有私密性，但因新加坡高等法院审理案件的判决书是公开的，其中提及了Z女士家族信托的相关内容，使得Z女士2014年6月设立在库克群岛的家族信托 ...,https://www.kwm.com › 中国 › 最新文章,3,2025-07-06 23:30:16
中国 家族信托 新加坡,张兰离岸家庭信托“失灵”之深度法律解析——新加坡法院判决 ...,https://www.landinglawyer.com/en/research/977.html,该信托作为股东持有的一家英属维京群岛（BVI）的公司，即家庭信托结构中的资产持有公司Success Elegant Trading Limited（SETL），且该公司名下的两个银行账户内尚有巨额存款。,https://www.landinglawyer.com › research,4,2025-07-06 23:30:16
中国 家族信托 新加坡,为什么华人客户更加青睐新加坡设立家族信托？,https://www.cil.bz/why-sg/,为什么华人客户更加青睐新加坡设立家族信托？ · 法律可用性：新加坡的《信托法》和《国际信托法》为信托提供了明确的法律保障，确保信托的有效性和可执行性。,https://www.cil.bz › why-sg,5,2025-07-06 23:30:16
中国 家族信托 新加坡,从争议解决视角看中国的家族信托,https://www.grandall.com.cn/ghsd/info.aspx?itemid=30302,家族信托初始设立时实收信托应当不低于1000万元。受益人应当为委托人或者其亲属，但委托人不得为唯一受益人。家族信托涉及公益慈善安排的，受益人可以 ...,https://www.grandall.com.cn › ghsd › info,6,2025-07-06 23:30:16
中国 家族信托 新加坡,谢小松：不存在的“信托击穿”：简评新加坡高等法院家族信托案,https://www.deheheng.com/yjy/lssd/28020.html,最近，新加坡高等法院作出[2022]SGHC278号判决，因为事涉俏江南创始人张女士设立的家族信托，一时间引发热议，业界纷纷惊呼家族信托被“击穿”，各种防范家族信托 ...,https://www.deheheng.com › yjy › lssd,8,2025-07-06 23:30:16
中国 家族信托 新加坡,家族办公室侵吞资产事件背后：家族信托价值与优势​,https://m.gxfin.com/article/finance/trust/default/2025-03-21/6224395.html,中国网财经3月21日讯近日，一起家族办公室资产侵吞案件震惊金融圈。据《财新周刊》报道，中国富商钟仁海向新加坡法院起诉其家族办公室的四名前员工，指控 ...,https://m.gxfin.com › article › finance › trust › default,9,2025-07-06 23:30:16
中国 家族信托 新加坡,家族信托、财富传承和继任计划| 定制财富规划|新加坡银行,https://www.bankofsingapore.com/zh-cn/solutions/secure-your-legacy.html,您已积累丰厚财富，盼望家族源远流长。本行财富规划师团队将竭诚为您服务，制定周全方案，实现继任、财富转移与传承目标，达成人生愿景。 家族办公室咨询和治理.,https://www.bankofsingapore.com › secure-your-legacy,10,2025-07-06 23:30:16
中国 家族信托 新加坡,正在崛起的东方苏黎世：带你了解新加坡家族信托的优势与机会,https://finance.sina.cn/fund/sm/2021-06-03/detail-ikqcfnaz8883163.d.html,对于中国客户而言，境内的金融资产（基金、股票、银行存款等）、动物资产以及一些受特殊管辖的资产不能纳入家族信托。,https://finance.sina.cn › detail-ikqcfnaz8883163.d.html,1,2025-07-06 23:30:19
中国 家族信托 新加坡,新加坡“家族办公室”项目新规简评- 13O、13U规范更新及 ...,https://guangzhou.dachenglaw.com/show-181-50-1.html,解决方案：部分财富家族在推进新加坡家族办公室项目之前已经在境外设立了家族信托或者有多层离岸公司结构，并以离岸公司直接作为新加坡公司的股东进行架构搭建。需要提示注意 ...,https://guangzhou.dachenglaw.com › show-181-50-1,2,2025-07-06 23:30:19
中国 家族信托 新加坡,境外信托持有新加坡家办的解读-最新家办政策(附架构图),https://wealthplus.org.cn/202204139273.html,"不是每一个人或家庭都适合申请成立新加坡家族办公室, 首先本人或家人有意向在新加坡长期居住，因为如果想达到成为新加坡税务居民的条件，建议一年能满足居住 ...",https://wealthplus.org.cn › ...,3,2025-07-06 23:30:19
中国 家族信托 新加坡,浅谈家族信托——“居安思危，思则有备，有备无患”,https://www.kwm.com/cn/zh/insights/latest-thinking/a-brief-introduction-to-family-trust.html,目前，中国境内家族信托实践中的受益人一般为中国税收居民，但少数信托公司已开始接受具有美国、加拿大、新加坡、香港、澳门等国家/地区税收居民身份的 ...,https://www.kwm.com › 中国 › 最新文章,4,2025-07-06 23:30:19
中国 家族信托 新加坡,家族办公室选址必读：新加坡、香港还是马来西亚？,https://www.china-briefing.com/news/family-office-singapore-hong-kong-malaysia-cn/,家族办公室是专为高净值个人及其家族设立的专业实体，旨在管理和满足其财富与需求。本文探讨了影响这三个地区家族办公室领域的关键因素。,https://www.china-briefing.com › news › family-office-si...,5,2025-07-06 23:30:19
中国 家族信托 新加坡,深度｜家办之争，中国香港、新加坡谁更胜一筹,https://www.21jingji.com/article/20231103/herald/c449569d6ff392a4bd20c44584878722.html,因此，单一家办具有特殊组织结构和营运方式，可以主张牌照豁免，即有可能无须申领牌照就可以开展家族信托业务。 ... 《2022中国家族财富与家族办公室 ...,https://www.21jingji.com › article › herald,6,2025-07-06 23:30:19
中国 家族信托 新加坡,海底捞张勇的离岸信托模式,https://finance.sina.com.cn/roll/2024-08-19/doc-inckexsa9376853.shtml,这也就是说，通过移民新加坡，设立2个离岸家族信托，和2个BVI公司的操作，将夫妇俩持有的千亿股票全数装入离岸信托。并且通过放弃所有权，只享有收益权（为信托 ...,https://finance.sina.com.cn › roll › doc-inckexsa9376853,7,2025-07-06 23:30:19
中国 家族信托 新加坡,新加坡家族办公室新规深度解析,https://www.fututrustee.com/sc/insight/article/207,新加坡家族办公室一般包括两家公司，一家是基金公司，持有家族拥有的各类资产，另一家是基金管理公司（也可称为单一家族办公室），该公司向基金公司提供基金管理 ...,https://www.fututrustee.com › insight › article,8,2025-07-06 23:30:19
中国 家族信托 新加坡,解析：各类家族信托架构逻辑！_中国,https://www.sohu.com/a/479487646_270543,当时有一家新加坡非常知名的机构，叫保得利信誉通，这家公司是一个做亚洲区全球最大的一个家族信托的机构，他们的老总就跑到中国市场来，在各大私人银行去路演 ...,https://www.sohu.com › ...,9,2025-07-06 23:30:19
中国 家族信托 新加坡,Z女士海外家族信托被“击穿”的法律启示,https://www.chinalawinsight.com/2023/04/articles/uncategorized/z%E5%A5%B3%E5%A3%AB%E6%B5%B7%E5%A4%96%E5%AE%B6%E6%97%8F%E4%BF%A1%E6%89%98%E8%A2%AB%E5%87%BB%E7%A9%BF%E7%9A%84%E6%B3%95%E5%BE%8B%E5%90%AF%E7%A4%BA/,家族信托具有私密性，但因新加坡高等法院审理案件的判决书是公开的，其中提及了Z女士家族信托的相关内容，使得Z女士2014年6月设立在库克群岛的家族信托 ...,https://www.chinalawinsight.com › uncategorized › z女...,10,2025-07-06 23:30:19
中国高净值人士 子女教育 新加坡,胡润研究院发布《2024中国高净值人群家族教育报告》 ...,https://wap.eastmoney.com/a/202411293254261356.html,... 高净值家庭”数量为26.5万户，其中拥有千万元人民币可投资资产的“高净值家庭”数量有14.7万户。 高净值家庭的子女有23%高中就在海外就读；到了高等教育 ...,https://wap.eastmoney.com › ...,4,2025-07-06 23:30:24
中国高净值人士 子女教育 新加坡,中信保诚人寿「传家」,https://res.hurun.net/file/20250117/20250117093658313.pdf,对于高净值人群的孩子来说，技能游学（57%）是最常. 见的游学类型，其次是语言和文化类游学（46%）、学术游. 学（37%），由此可见，高净值人群对孩子的技能、文化和.,https://res.hurun.net › file,5,2025-07-06 23:30:24
中国高净值人士 子女教育 新加坡,报告：超九成高净值家庭留学者拟回国发展,https://www.zaobao.com.sg/realtime/china/story20220322-1254797,研究显示，高净值人群对子女的教育期望上，最看重的是“健全的人格／教养”（35%），其次为“独立解决问题的能力”（24%）以及“开拓视野、增广见闻”（16%）。值得注意的 ...,https://www.zaobao.com.sg › story20220322-1254797,8,2025-07-06 23:30:24
中国高净值人士 子女教育 新加坡,胡润研究院发布报告：黄金是高净值人群未来一年首选投资品类,http://www.zqrb.cn/money/gold/2025-03-23/A1742612797957.html,这是胡润研究院连续第21年发布该报告，旨在揭示中国高净值人群的生活方式、消费习惯以及品牌认知的变化与偏好。 与往年相比，胡润研究院今年的报告更加聚焦 ...,http://www.zqrb.cn › money › gold,9,2025-07-06 23:30:24
中国高净值人士 子女教育 新加坡,中国私人财富管理白皮书,https://pic.bankofchina.com/bocappd/report/201111/P020111104360888560054.pdf,"数据来源:中国私人财富管理专项研究. 海外投资目的. 子女教育是海外投资的最主要目的,一半的高净值人群. 因为子女教育而进行海外投资。 子女教育. 50%. 移民. 32%. 分散 ...",https://pic.bankofchina.com › bocappd › report,10,2025-07-06 23:30:24
中国高净值人士 子女教育 新加坡,我国内地高净值人群海外移民财富流失测算及经济分析,http://www.ims.sdu.edu.cn/__local/F/35/DD/8ACE90CD79F411CB73A10A7F0C3_FC1C6F2A_18BB00.pdf,《2021 中国私人财富报告》. 调查数据显示，2021 年我国内地高净值人群境外. 资产配置中转站和目的地前五位国家和地区为中. 国香港、美国、新加坡、加拿大、英国（参见表4）。,http://www.ims.sdu.edu.cn › __local,5,2025-07-06 23:30:27
中国高净值人士 子女教育 新加坡,张丽平、邵弋：全球财富管理中心呈现新变化以及对我国的启示,https://www.drc.gov.cn/DocView.aspx?chnid=379&leafid=1338&docid=2906875,高净值人群的需求主要包括：实现财富持续增长，更好分散风险；接受更高端医疗服务；下一代接受更好精英教育等。在供给端，财富管理行业也意识到定制化的重要性， ...,https://www.drc.gov.cn › DocView,6,2025-07-06 23:30:27
中国高净值人士 子女教育 新加坡,美世教育联合太平人寿发布《2025中国高净值人群子女国际 ...,https://m.meishiedu.com/gjnews?id=2498&countryId=undefined,与2024年的调查数据相比，《2025中国高净值人群子女国际教育白皮书》显示，高净值人群子女在初中阶段选择国际教育的比例从19.82%提升至26.29%，这一增长态势， ...,https://m.meishiedu.com › gjnews,7,2025-07-06 23:30:27
中国高净值人士 子女教育 新加坡,中国高净值人群画像：近8成家庭选择海外教育！ - 力驰移民,https://www.letsvisa.com/news-show-id-680.html,子女教育方面. 近八成受访家庭倾向于让子女接受海外教育，主要考虑高中（18%）和本科（26%）段作为起点。82%的家庭关注学校的世界排名，有57%的家长 ...,https://www.letsvisa.com › news-show-id-680,8,2025-07-06 23:30:27
中国高净值人士 子女教育 新加坡,健康、旅游和教育是高净值人群心灵投资三大领域,https://www.cib.com.cn/cn/aboutCIB/about/news/2014/20140527.html,子女教育成为移民的主要目的之一，66%高净值人群因为子女教育而移民。 高净值人群认为环保体现社会责任多过慈善，对雾霾的不满意程度高达87%. 社会责任 ...,https://www.cib.com.cn › aboutCIB › about › news,9,2025-07-06 23:30:27
中国高净值人士 子女教育 新加坡,选择哪里“诗意地栖居”？,http://group.ccb.com/chn/2012-05/02/article_2021082106154275963.shtml,据另外一份调查报告，高净值人群中有60% 的人士已经完成投资移民或有相关考虑，由于大部分高净值人士已婚，且年龄在40-50岁之间，因此子女教育、财富安全保障以及未来养老 ...,http://group.ccb.com › article_2021082106154275963,10,2025-07-06 23:30:27
中国移民新加坡 财富管理,中国富豪为何热衷在新加坡设立家族办公室,https://fargowealth.com/en/home/cfsj/cfsj_detail/id/104.html,在新加坡申请牌照难度不小. 这个事情其实没那么玄乎。中国富豪想要新加坡的财富管理牌照，为的是通过设立家族办公室这样的财富管理机构，获取新加坡身份。 这得从新加坡 ...,https://fargowealth.com › home › cfsj › cfsj_detail,1,2025-07-06 23:30:31
中国移民新加坡 财富管理,专家视点栏目-赵先生“准移民”新加坡- 理财,https://www.icbc-ltd.com/icbc/%E7%BD%91%E4%B8%8A%E7%90%86%E8%B4%A2/%E4%B8%93%E5%AE%B6%E8%A7%86%E7%82%B9/%E8%B5%B5%E5%85%88%E7%94%9F%E5%87%86%E7%A7%BB%E6%B0%91%E6%96%B0%E5%8A%A0%E5%9D%A1.htm,无移民监要求，投资者不需要考虑居住在新加坡，可常驻中国。新加坡移民两年在新加坡累计住满一年，可申请公民。 理由二：新加坡移民可自由往来新加坡、香港和 ...,https://www.icbc-ltd.com › icbc › 网上理财 › 赵先生准...,2,2025-07-06 23:30:31
中国移民新加坡 财富管理,中国富豪财富管理为何青睐新加坡？,https://www.thepaper.cn/newsDetail_forward_13024876,中国富豪设立家族办公室并且移民的一个主要目的是为了子女教育，希望为孩子创造更好的学习环境，新加坡恰好完美地满足了这一点。根据新加坡经济发展局的信息 ...,https://www.thepaper.cn › newsDetail_forward_13024876,3,2025-07-06 23:30:31
中国移民新加坡 财富管理,新加坡，绝非一个财富“弹丸小国”,http://v.icbc.com.cn/userfiles/Resources/ICBC/sryh/download/2015/sryh_2014_01_03.pdf,新加坡在全球私人银行及财富管理领域有着举足轻重的影响，对于海外华人而言有着. 不可替代的地位，在可预见的未来与中国的联系更会越来越紧密，这正是工商银行选. 择在新加坡 ...,http://v.icbc.com.cn › sryh › sryh_2014_01_03,4,2025-07-06 23:30:31
中国移民新加坡 财富管理,新加坡家办观察：左手鼓励右手监管,https://m.21jingji.com/article/20240110/75c9ca5e45e178026af375dabde71614.html,“新加坡拥有强大的金融体系和健全的法治制度，这为高净值人士提供了安全感，他们可能更愿意在这样一个有着成熟金融市场和法律体系的国家进行财富管理。”U&I ...,https://m.21jingji.com › article,5,2025-07-06 23:30:31
中国移民新加坡 财富管理,新加坡家族办公室设立的合规实践研究,https://www.allbrightlaw.com/CN/10475/e3c58a8e4200e23a.aspx,"家族办公室（Family Office, 简称“家办”）是专为超高净值家族提供一站式财富管理的专业机构，服务范围涵盖资产配置、税务规划、家族传承、移民规划及合规 ...",https://www.allbrightlaw.com › ...,6,2025-07-06 23:30:31
中国移民新加坡 财富管理,移民新加坡需要多少钱？新加坡家族办公室详解,https://zhuanlan.zhihu.com/p/595522659,新加坡家族办公室是最适合富豪家族或高净值人士的移民方式，具有十分全面的功能：. 不仅能够为富豪家族提供全方位的财富管理和家族服务，实现个人及家族资产 ...,https://zhuanlan.zhihu.com › ...,9,2025-07-06 23:30:31
中国移民新加坡 财富管理,新加坡家族办公室,https://www.globevisa.com.cn/xinjiapo/xjpjzbgsep.html,新加坡家族办公室就是主申请人在新加坡设立两家公司， 一家是基金公司， 一家是家族办公室。主申请人通过家族办公室进行投资理财并管理着自有资产，享受新加坡金融管理 ...,https://www.globevisa.com.cn › xinjiapo › xjpjzbgsep,1,2025-07-06 23:30:34
中国移民新加坡 财富管理,为什么中国企业家都来新加坡办“家族办公室”,https://news.sina.cn/sx/2023-05-19/detail-imyuihuw4127305.d.html,全球不少富豪都来新加坡设立家族理财办公室，例如谷歌联合创始人谢尔盖-布林、国对冲基金桥水创始人瑞-达利欧、戴森公司创办人James Dyson、海底捞老板张勇 ...,https://news.sina.cn › detail-imyuihuw4127305.d.html,2,2025-07-06 23:30:34
中国移民新加坡 财富管理,重新开放后，中国富人加速迁往新加坡,https://cn.wsj.com/articles/%E9%87%8D%E6%96%B0%E5%BC%80%E6%94%BE%E5%90%8E-%E4%B8%AD%E5%9B%BD%E5%AF%8C%E4%BA%BA%E5%8A%A0%E9%80%9F%E8%BF%81%E5%BE%80%E6%96%B0%E5%8A%A0%E5%9D%A1-763584ce,新加坡也欢迎渴望创办新企业的企业家，并允许富裕个人建立家族办公室，管理他们的财富，投资收益不需要纳税，条件是他们每年在租金、工资和其他费用上至少花费 ...,https://cn.wsj.com › articles › 重新开放后-中国富人加...,4,2025-07-06 23:30:34
中国移民新加坡 财富管理,优瑞卡财富集团(新加坡)有限公司,https://www.eurekainvestment.com.sg/,新加坡首屈一指的家族资产管理 ... 针对您的家族目标与需求，优瑞卡以精明的策划为您提供理财平台，建立家族企业治理框架，为未来世代传承保全财富，满足各种财富管理和家族需要 ...,https://www.eurekainvestment.com.sg,5,2025-07-06 23:30:34
中国移民新加坡 财富管理,新加坡一站式高端服务,https://singcham-shanghai.org/sites/default/files/content-files/ASC%20Family%20Office%20Intro.pdf,ASC FAMILY OFFICE成立于2023年初. 总部：中国上海新天地区域. 宗旨：帮助高净值客户群体实现新加坡一体化的高端服务. 团队：熟悉了解新加坡本土的人文，教育，优势，法律及 ...,https://singcham-shanghai.org › files › content-files,6,2025-07-06 23:30:34
中国移民新加坡 财富管理,解读：为什么中国富商移民新加坡？,https://zhuanlan.zhihu.com/p/616436096,其实，一直以来，新加坡都是理想的财富避险地，很多中国富商为了更好地规划财富，追求更高品质的生活，移民新加坡。 ... 新加坡金融管理局严格的监管体制。,https://zhuanlan.zhihu.com › ...,7,2025-07-06 23:30:34
中国移民新加坡 财富管理,谈新加坡投资移民门槛提高对我国投资者的影响,https://www.siis.org.cn/sp/14726.jhtml,选择方案三的有意设立家族理财办公室的投资者，在新条例下，申请人必须在新加坡设立资产管理规模至少2亿新元的单一家族办公室，其中至少5000万新元（之前规定 ...,https://www.siis.org.cn › ...,8,2025-07-06 23:30:34
中国移民新加坡 财富管理,中国富人加速资产外移新加坡提高投资移民门槛 - 维基新闻,https://zh.wikinews.org/zh-cn/%E4%B8%AD%E5%9B%BD%E5%AF%8C%E4%BA%BA%E5%8A%A0%E9%80%9F%E8%B5%84%E4%BA%A7%E5%A4%96%E7%A7%BB_%E6%96%B0%E5%8A%A0%E5%9D%A1%E6%8F%90%E9%AB%98%E6%8A%95%E8%B5%84%E7%A7%BB%E6%B0%91%E9%97%A8%E6%A7%9B,统计指，2023年预计会有12.5万名净资产超过100万美元的中国富裕人士移民海外。 新加坡的低税率和优质教育，以及其与中国经济长期的 ...,https://zh.wikinews.org › zh-cn › 中国富人加速资产外...,9,2025-07-06 23:30:34
中国移民新加坡 财富管理,香港扫榻以待迎回内地富人新加坡则严审外来资金,https://hk.finance.yahoo.com/news/%E9%A6%99%E6%B8%AF%E6%89%AB%E6%A6%BB%E4%BB%A5%E5%BE%85%E8%BF%8E%E5%9B%9E%E5%86%85%E5%9C%B0%E5%AF%8C%E4%BA%BA-%E6%96%B0%E5%8A%A0%E5%9D%A1%E5%88%99%E4%B8%A5%E5%AE%A1%E5%A4%96%E6%9D%A5%E8%B5%84%E9%87%91-050042697.html,新加坡金融管理局4月提出一个共享客户资讯以打击洗钱的数位平台。此后，香港的一家服务提供者表示，它收到了超过15份来自中国富人的征询，他们寻求在香港设立 ...,https://hk.finance.yahoo.com › news,10,2025-07-06 23:30:34
